date,close,volume,return,volatility,tfidf_score,tfidf_max,unique_editors,total_edits,revert_count,weekly_return,weekly_volatility,Bitcoin,crypto crash,buy bitcoin,bitcoin price,trends_composite,trends_lag1,trends_lag4,bitcoin_lag1,trends_log,trends_log_lag1,tfidf_log,tfidf_log_lag1,editors_lag1,vol_lag1,ret_lag1
2019-01-07,3975.45,216738.97415599998,0.04793875556649581,,0.005196242126967972,0.5502810585156352,15.0,19.0,4.0,,,34,0,1,8,10.75,,,,2.463853240590168,,0.005182788247132608,,,,
2019-01-14,3626.09,249252.642899,-0.0856731848474758,0.037963830091713814,0.0011356068147290999,0.7806979641722297,2.0,2.0,0.0,-0.08787935956935689,,33,0,1,7,10.25,10.75,,34.0,2.4203681286504293,2.463853240590168,0.001134962501055469,0.005182788247132608,15.0,,
2019-01-21,3526.9,183805.01858899998,-0.026629983247863902,0.028880741453704086,0.004318531951998371,0.8314684301204297,11.0,16.0,2.0,-0.027354533395475555,,29,0,1,6,9.0,10.25,,33.0,2.302585092994046,2.4203681286504293,0.0043092338527025,0.001134962501055469,2.0,,-0.08787935956935689
2019-01-28,3434.15,175327.125423,-0.025987491176689345,0.014996435840150512,0.002973775211335429,0.7973794706452615,7.0,7.0,2.0,-0.02629788199268479,0.05471641425511033,29,0,1,7,9.25,9.0,,29.0,2.327277705584417,2.302585092994046,0.0029693622883609975,0.0043092338527025,11.0,,-0.027354533395475555
2019-02-04,3463.22,169300.97513,0.008770010694266202,0.014141627217084087,0.002781920181662214,0.8478994047969312,7.0,8.0,4.0,0.00846497677736835,0.03918934290903687,32,0,1,6,9.75,9.25,10.75,29.0,2.3749057545736716,2.327277705584417,0.0027780578032744027,0.0029693622883609975,7.0,0.05471641425511033,-0.02629788199268479
2019-02-11,3631.05,200173.307451,0.0504102867735381,0.022719960560242645,0.003071370172539557,0.5843642382020775,6.0,9.0,0.0,0.048460681100247927,0.03647761022889546,29,0,1,6,9.0,9.75,10.25,32.0,2.302585092994046,2.3749057545736716,0.003066663150712678,0.0027780578032744027,7.0,0.03918934290903687,0.00846497677736835
2019-02-18,3898.6,207083.92106000002,0.07313889828460281,0.019845192591361086,0.0026112991417913856,0.7651838700357174,5.0,11.0,0.0,0.07368392062901918,0.044030861868381385,33,0,1,7,10.25,9.0,9.0,29.0,2.4203681286504293,2.302585092994046,0.002607895623968654,0.003066663150712678,6.0,0.03647761022889546,0.048460681100247927
2019-02-25,3827.92,275444.458013,-0.01271478805899089,0.029689960020538943,0.005613406186354572,0.7264895044201023,11.0,13.0,0.0,-0.018129584979223234,0.03895626091278608,31,0,1,7,9.75,10.25,9.25,33.0,2.3749057545736716,2.4203681286504293,0.005597709734824321,0.002607895623968654,5.0,0.044030861868381385,0.07368392062901918
2019-03-04,3715.3,186983.122141,-0.0295388438934704,0.03162586036615302,0.0025143919278069,1.0,7.0,8.0,0.0,-0.029420677548120056,0.049235701308887984,28,0,1,5,8.5,9.75,9.75,31.0,2.2512917986064953,2.3749057545736716,0.0025112361332528944,0.005597709734824321,11.0,0.03895626091278608,-0.018129584979223234
2019-03-11,3871.61,211157.47401499999,0.042226423547453,0.01874358912982674,0.0,0.0,1.0,1.0,0.0,0.04207197265362139,0.04771529671771844,28,0,1,5,8.5,8.5,9.0,28.0,2.2512917986064953,2.2512917986064953,0.0,0.0025112361332528944,7.0,0.049235701308887984,-0.029420677548120056
2019-03-18,3987.81,170007.937118,0.0298983321610699,0.010481033779793243,0.0041814352046290575,0.7305463473500656,6.0,6.0,1.0,0.030013353617745597,0.034098481085223044,28,0,1,6,8.75,8.5,10.25,28.0,2.277267285009756,2.2512917986064953,0.0041727172982349205,0.0,1.0,0.04771529671771844,0.04207197265362139
2019-03-25,3936.12,167021.67569,-0.012760826706082199,0.009555101718340158,0.0016102267875639285,0.7188457114926329,4.0,5.0,0.0,-0.012962001700181358,0.0341075709238125,28,0,1,5,8.5,8.75,9.75,28.0,2.2512917986064953,2.277267285009756,0.0016089317624133096,0.0041727172982349205,6.0,0.034098481085223044,0.030013353617745597
2019-04-01,4144.56,170429.05247300002,0.0520849922483946,0.011633933798591414,0.00028571428571428574,1.0,1.0,1.0,0.0,0.05295570257004378,0.028562508732992514,49,0,1,11,15.25,8.5,8.5,28.0,2.7880929087757464,2.2512917986064953,0.0002856734771606279,0.0016089317624133096,4.0,0.0341075709238125,-0.012962001700181358
2019-04-08,5236.9,445661.331879,0.2480126361419786,0.06246661663084079,0.004015072331429228,0.7193415839591635,9.0,15.0,2.0,0.26355994363696,0.11564360557531071,40,0,1,9,12.5,15.25,8.5,49.0,2.6026896854443837,2.7880929087757464,0.004007033439154299,0.0002856734771606279,1.0,0.028562508732992514,0.05295570257004378
2019-04-15,5024.95,226745.168204,-0.0387733075781007,0.025283328653689714,0.001997179636509843,0.6820631005916743,5.0,6.0,0.0,-0.040472416887853524,0.1296705691766742,34,0,1,8,10.75,12.5,8.75,40.0,2.463853240590168,2.6026896854443837,0.001995187924689572,0.004007033439154299,9.0,0.11564360557531071,0.26355994363696
2019-04-22,5357.14,169062.572473,0.06474172210365642,0.01896375785239903,0.0010291774702530286,0.8343049779914573,3.0,7.0,0.0,0.06610812047881076,0.12019180224317683,38,0,1,8,11.75,10.75,8.5,34.0,2.545531271604435,2.463853240590168,0.0010286482302105497,0.001995187924689572,5.0,0.1296705691766742,-0.040472416887853524
2019-04-29,5238.14,237747.106674,-0.021122827845270097,0.018908856831206255,0.0009029903269084,1.0,2.0,3.0,0.0,-0.022213345180450816,0.13123386414026808,34,0,1,7,10.5,11.75,15.25,38.0,2.4423470353692043,2.545531271604435,0.0009025828764072806,0.0010286482302105497,3.0,0.12019180224317683,0.06610812047881076
2019-05-06,5747.79,197310.051221,0.0946028491356485,0.018790553287979656,0.0017449026265999427,0.5843454410161851,4.0,4.0,1.0,0.09729598674338602,0.06485428548085642,45,0,1,11,14.25,10.5,12.5,34.0,2.7245795030534206,2.4423470353692043,0.001743382052590542,0.0009025828764072806,2.0,0.13123386414026808,-0.022213345180450816
2019-05-13,7790.71,373832.00862,0.317827290898995,0.02978760514776987,0.0016789788001291,0.8547415168443473,6.0,7.0,2.0,0.35542704239368517,0.14446034048831924,74,0,1,19,23.5,14.25,10.75,45.0,3.1986731175506815,2.7245795030534206,0.0016775708909029924,0.001743382052590542,4.0,0.06485428548085642,0.09729598674338602
2019-05-20,7938.15,441342.16737,0.029647470806589603,0.06012194178101005,0.003569758304134886,1.0,14.0,41.0,2.0,0.01892510438714834,0.14943036277186172,52,0,1,13,16.5,23.5,11.75,74.0,2.8622008809294686,3.1986731175506815,0.0035634018398292056,0.0016775708909029924,6.0,0.14446034048831924,0.35542704239368517
2019-05-27,8756.32,327704.959039,0.1019844247092491,0.0511114299008431,0.002223084761375514,0.5499820592881143,4.0,6.0,0.0,0.10306809521110094,0.12548945066079883,57,0,1,14,18.0,16.5,10.5,52.0,2.9444389791664403,2.8622008809294686,0.0022206173645921935,0.0035634018398292056,14.0,0.14943036277186172,0.01892510438714834
2019-06-03,8115.82,285855.240123,-0.071570753862673,0.03295988498687612,0.006217342629868743,1.0,14.0,23.0,0.0,-0.07314716684634637,0.16504185145288408,48,0,1,11,15.0,18.0,14.25,57.0,2.772588722239781,2.9444389791664403,0.006198094694653454,0.0022206173645921935,4.0,0.12548945066079883,0.10306809521110094
2019-06-10,7982.75,284371.82305999997,-0.013025961178492695,0.03739087326031219,0.003303561797239843,0.7798128287415096,7.0,9.0,2.0,-0.016396371531157583,0.07307249101868585,44,0,1,10,13.75,15.0,23.5,48.0,2.691243082785829,2.772588722239781,0.0032981170250978493,0.006198094694653454,14.0,0.16504185145288408,-0.07314716684634637
2019-06-17,9313.96,285211.465277,0.1572548626316266,0.027132582457389115,0.0025714890516681426,1.0,9.0,11.0,1.0,0.16676082803545134,0.1045577291305276,70,0,1,17,22.0,13.75,16.5,44.0,3.1354942159291497,2.691243082785829,0.0025681884308260874,0.0032981170250978493,7.0,0.07307249101868585,-0.016396371531157583
2019-06-24,11056.59,373458.562976,0.1763286242063358,0.027493058357015772,0.005607608542462514,1.0,14.0,30.0,6.0,0.18709872063010802,0.1233076381473567,100,0,2,28,32.5,22.0,18.0,70.0,3.5115454388310208,3.1354942159291497,0.005591944437177155,0.0025681884308260874,9.0,0.1045577291305276,0.16676082803545134
2019-07-01,10624.93,732013.731758,-0.012763451452172784,0.0702962169170652,0.0037909359402183997,1.0,10.0,19.0,1.0,-0.039040970136362096,0.10403390291006868,71,0,1,18,22.5,32.5,15.0,100.0,3.1570004211501135,3.5115454388310208,0.003783768451183855,0.005591944437177155,14.0,0.1233076381473567,0.18709872063010802
2019-07-08,12238.6,478960.170637,0.15179918656955269,0.06942378828439423,0.002038415841588871,0.804686009750348,6.0,7.0,0.0,0.15187582412307665,0.08791007153434796,64,0,1,16,20.25,22.5,13.75,71.0,3.056356895370426,3.1570004211501135,0.002036341091008467,0.003783768451183855,10.0,0.10403390291006868,-0.039040970136362096
2019-07-15,10838.72,540202.094795,-0.1093491449609452,0.05166557932742951,0.0049281892359922,0.8766228803168256,7.0,8.0,1.0,-0.11438236399588197,0.13619147160903566,66,0,1,16,20.75,20.25,22.0,64.0,3.079613757534693,3.056356895370426,0.004916085461591206,0.002036341091008467,6.0,0.08791007153434796,0.15187582412307665
2019-07-22,10340.31,445626.501137,-0.032345446392000904,0.07714341027833525,0.001703325403424657,0.500467180693338,3.0,5.0,0.0,-0.04598421215789317,0.10985990285058078,54,0,1,12,16.75,20.75,32.5,66.0,2.8763855159214247,3.079613757534693,0.0017018763899040279,0.004916085461591206,7.0,0.13619147160903566,-0.11438236399588197
2019-07-29,9507.64,258373.307681,-0.082053070331095,0.028852859449442315,0.002484184252934986,0.9607193530276832,6.0,9.0,0.0,-0.08052659929924733,0.11759395822362659,50,0,1,11,15.5,16.75,22.5,54.0,2.803360380906535,2.8763855159214247,0.002481103767840704,0.0017018763899040279,3.0,0.10985990285058078,-0.04598421215789317
2019-08-05,11828.8,295650.542321,0.22398385283028371,0.02315682452266233,0.0019108941966595858,0.749409672707547,5.0,7.0,0.0,0.24413629460097352,0.15264874946412224,59,0,1,14,18.5,15.5,20.25,50.0,2.970414465569701,2.803360380906535,0.0019090707609031793,0.002481103767840704,6.0,0.11759395822362659,-0.08052659929924733
2019-08-12,11396.08,323487.41102299996,-0.03437394019699871,0.037108104097357056,0.003431915720645986,1.0,9.0,9.0,2.0,-0.036581901798999006,0.13870241505675945,53,0,1,12,16.5,18.5,20.75,59.0,2.8622008809294686,2.970414465569701,0.0034260401370567193,0.0019090707609031793,5.0,0.15264874946412224,0.24413629460097352
2019-08-19,10915.54,267948.466807,-0.0368467026100915,0.03695045061443119,0.003369144687161586,0.8919774635100022,6.0,7.0,0.0,-0.042167131153870385,0.13927280061512634,48,0,1,10,14.75,16.5,16.75,53.0,2.7568403652716422,2.8622008809294686,0.0033634818349476746,0.0034260401370567193,9.0,0.13870241505675945,-0.036581901798999006
2019-08-26,10372.25,236916.245713,-0.0482649369287129,0.03617837208237333,0.0035024960084575857,1.0,8.0,11.0,1.0,-0.04977215969159576,0.13204487299576367,46,0,1,9,14.0,14.75,15.5,48.0,2.70805020110221,2.7568403652716422,0.003496376554059892,0.0033634818349476746,6.0,0.13927280061512634,-0.042167131153870385
2019-09-02,10340.0,214296.286782,0.0004494880114999933,0.026778399939647285,0.003680854281123943,1.0,9.0,10.0,1.0,-0.0031092578755814726,0.021028200516285688,44,0,1,9,13.5,14.0,18.5,46.0,2.6741486494265287,2.70805020110221,0.003674096514829863,0.003496376554059892,8.0,0.13204487299576367,-0.04977215969159576
2019-09-09,10303.12,276171.144423,-0.0027233662810376017,0.02678434944203517,0.0019330657977653571,0.916562400207922,5.0,5.0,1.0,-0.0035667311411990976,0.024397713094225063,39,0,1,8,12.0,13.5,16.5,44.0,2.5649493574615367,2.6741486494265287,0.0019311998303809623,0.003674096514829863,9.0,0.021028200516285688,-0.0031092578755814726
2019-09-16,10251.31,196301.328507,-0.004466927523476402,0.014750336400625615,0.0073453494837282295,0.6365673259774338,19.0,41.0,1.0,-0.005028573868886443,0.023098834086836804,37,0,1,7,11.25,12.0,14.75,39.0,2.505525936990736,2.5649493574615367,0.007318503784748293,0.0019311998303809623,5.0,0.024397713094225063,-0.0035667311411990976
2019-09-23,9702.25,191610.030322,-0.0542460422946259,0.009085097744088213,0.0019069026118577713,0.9194124837093128,4.0,6.0,0.0,-0.05355998404106399,0.02607908740470888,48,0,1,10,14.75,11.25,14.0,37.0,2.7568403652716422,2.505525936990736,0.0019050867811140216,0.007318503784748293,19.0,0.023098834086836804,-0.005028573868886443
2019-09-30,8289.34,388488.319648,-0.1471698145877014,0.04680304319355217,0.0018635554314334142,1.0,5.0,7.0,0.0,-0.14562704527300363,0.06769989185051478,40,0,1,8,12.25,14.75,13.5,48.0,2.583997552432231,2.7568403652716422,0.0018618211662756355,0.0019050867811140216,4.0,0.02607908740470888,-0.05355998404106399
2019-10-07,8190.09,235473.380436,-0.010359998011001598,0.02037053112119234,0.0,0.0,0.0,0.0,0.0,-0.011973208964766835,0.06592580474507256,37,0,1,8,11.5,12.25,12.0,40.0,2.5257286443082556,2.583997552432231,0.0,0.0018618211662756355,5.0,0.06769989185051478,-0.14562704527300363
2019-10-14,8348.2,259025.32969,0.020925810809092203,0.028864588263276644,0.0016313071810610286,1.0,4.0,8.0,1.0,0.01930503816197393,0.0731228913439011,34,0,1,7,10.5,11.5,11.25,37.0,2.4423470353692043,2.5257286443082556,0.0016299780447915667,0.0,0.0,0.06592580474507256,-0.011973208964766835
2019-10-21,8197.27,219879.808597,-0.017012676142432702,0.018390659711219275,0.0019450585578269573,0.7595622164254561,7.0,13.0,1.0,-0.018079346445940447,0.07437312161749551,43,0,1,9,13.25,10.5,14.75,34.0,2.6567569067146595,2.4423470353692043,0.0019431693807403184,0.0016299780447915667,4.0,0.0731228913439011,0.01930503816197393
2019-10-28,9205.14,558608.23154,0.1346005281150927,0.055580088409414474,0.0010580334491553142,0.6495699754525429,2.0,2.0,1.0,0.12295190959917135,0.07034702549184672,42,0,1,9,13.0,13.25,12.25,43.0,2.6390573296152584,2.6567569067146595,0.0010574741262523435,0.0019431693807403184,7.0,0.07437312161749551,-0.018079346445940447
2019-11-04,9393.35,320082.983281,0.0211985459817168,0.04464217310017395,0.0008908249220797286,0.8337074006795194,2.0,3.0,0.0,0.020446185500709424,0.06561758865101036,38,0,1,7,11.5,13.0,11.5,42.0,2.5257286443082556,2.6390573296152584,0.0008904283730451968,0.0010574741262523435,2.0,0.07034702549184672,0.12295190959917135
2019-11-11,8733.27,293276.36888,-0.07060744523915401,0.018937644229572774,0.007173670377210686,0.5924224480619676,13.0,47.0,2.0,-0.07027098958305611,0.08694716900699365,35,0,1,7,10.75,11.5,10.5,38.0,2.463853240590168,2.5257286443082556,0.007148062001632235,0.0008904283730451968,2.0,0.06561758865101036,0.020446185500709424
2019-11-18,8187.17,237661.660875,-0.063480144063625,0.021280989028389243,0.0017026292550778,1.0,3.0,4.0,0.0,-0.06253098782014077,0.09567997594611813,38,0,1,8,11.75,10.75,13.25,35.0,2.545531271604435,2.463853240590168,0.0017011814250665338,0.007148062001632235,13.0,0.08694716900699365,-0.07027098958305611
2019-11-25,7109.57,499030.04896000004,-0.1361188572875085,0.023253918748392912,0.0021912888627652,0.7207430171230659,7.0,14.0,0.0,-0.13162057218794776,0.06452810249073104,41,0,1,9,12.75,11.75,13.0,38.0,2.6210388241125804,2.545531271604435,0.002188891490909207,0.0017011814250665338,3.0,0.09567997594611813,-0.06253098782014077
2019-12-02,7294.28,429943.585134,0.028441692363150698,0.03621725937909449,0.0030818453512918573,0.724612060444206,7.0,9.0,2.0,0.025980474205894222,0.06767536255449987,35,0,1,7,10.75,12.75,11.5,41.0,2.463853240590168,2.6210388241125804,0.0030771062002976617,0.002188891490909207,7.0,0.06452810249073104,-0.13162057218794776
2019-12-09,7338.64,331776.415169,0.006970607337914901,0.021388382127856955,0.0028624775187411147,0.742342905916948,5.0,11.0,0.0,0.006081477541306501,0.07455707652765796,33,0,1,7,10.25,10.75,10.75,35.0,2.4203681286504293,2.463853240590168,0.0028583884313903183,0.0030771062002976617,7.0,0.06767536255449987,0.025980474205894222
2019-12-16,6891.72,249537.085974,-0.0617576782366844,0.014894043475073072,0.004150882914675757,0.6858077506455701,10.0,11.0,1.0,-0.06089956722226464,0.07438910399869125,39,0,1,7,11.75,10.25,11.75,33.0,2.545531271604435,2.4203681286504293,0.004142291765886501,0.0028583884313903183,5.0,0.07455707652765796,0.006081477541306501
2019-12-23,7317.09,363799.46584099997,0.0670404999007053,0.04364937638590659,0.0,0.0,0.0,0.0,0.0,0.0617218923577858,0.05401214509574699,36,0,1,7,11.0,11.75,12.75,39.0,2.4849066497880004,2.545531271604435,0.0,0.004142291765886501,10.0,0.07438910399869125,-0.06089956722226464
2019-12-30,7246.0,228866.001514,-0.0094045029937445,0.02360689337961564,0.0026170589566459857,1.0,6.0,7.0,2.0,-0.009715610987428125,0.053051686735645094,37,0,1,7,11.25,11.0,10.75,36.0,2.505525936990736,2.4849066497880004,0.0026136404208955016,0.0,0.0,0.05401214509574699,0.0617218923577858
2020-01-06,7758.0,266081.581978,0.0716970762164722,0.02170359815724773,0.0031229428666267856,0.8086462431849788,7.0,7.0,2.0,0.07065967430306386,0.0642799770901933,26,0,1,5,8.0,11.25,10.25,37.0,2.1972245773362196,2.505525936990736,0.003118076609282861,0.0026136404208955016,6.0,0.053051686735645094,-0.009715610987428125
2020-01-13,8110.34,474541.907265,0.047754939544856004,0.03498452918299507,0.003178674490456714,0.7611903941065821,6.0,8.0,1.0,0.0454163444186646,0.037255143871767656,26,0,1,5,8.0,8.0,11.75,26.0,2.1972245773362196,2.1972245773362196,0.0031736331849862485,0.003118076609282861,7.0,0.0642799770901933,0.07065967430306386
2020-01-20,8642.35,475972.511559,0.0676811786051114,0.03801660988523022,0.006378827079000772,0.8259277324391471,27.0,41.0,13.0,0.06559651013397705,0.03738680546483919,25,0,1,5,7.75,8.0,11.0,26.0,2.169053700369523,2.1972245773362196,0.006358568466698774,0.0031736331849862485,6.0,0.037255143871767656,0.0454163444186646
2020-01-27,8907.57,266053.905015,0.0319979631031952,0.017608965084672655,0.005123467614108243,0.6708151556600952,11.0,28.0,1.0,0.030688412295266865,0.01844813021743655,26,0,1,5,8.0,7.75,11.25,25.0,2.1972245773362196,2.169053700369523,0.005110387312555995,0.006358568466698774,27.0,0.03738680546483919,0.06559651013397705
2020-02-03,9292.24,359788.798843,0.044063849221841096,0.026470135249352985,0.0027331777987631713,1.0,7.0,12.0,0.0,0.043184617129026215,0.014820079793488993,25,0,1,6,8.0,8.0,8.0,26.0,2.1972245773362196,2.1972245773362196,0.0027294494602529773,0.005110387312555995,11.0,0.01844813021743655,0.030688412295266865
2020-02-10,9851.83,373676.816002,0.0604751583136072,0.019497096660466128,0.0004935194922974286,0.6154941631776659,1.0,2.0,0.0,0.06022121684330162,0.016095714142749774,30,0,1,7,9.5,8.0,8.0,25.0,2.3513752571634776,2.1972245773362196,0.0004933977516054127,0.0027294494602529773,7.0,0.014820079793488993,0.043184617129026215
2020-02-17,9706.0,437755.51247099997,-0.012902279732634603,0.02454355502455294,0.004340225435861615,0.6481146817532518,9.0,13.0,1.0,-0.014802326065309734,0.03145272562379693,28,0,1,6,8.75,9.5,7.75,30.0,2.277267285009756,2.3513752571634776,0.0043308338221192035,0.0004933977516054127,1.0,0.016095714142749774,0.06022121684330162
2020-02-24,9656.13,346236.051938,-0.0015559860831435013,0.033080469854086324,0.002061534001930514,0.6047180396709018,4.0,4.0,0.0,-0.005138058932619094,0.03530402474270065,27,0,1,6,8.5,8.75,8.0,28.0,2.2512917986064953,2.277267285009756,0.0020594119566551363,0.0043308338221192035,9.0,0.03145272562379693,-0.014802326065309734
2020-03-02,8915.24,431190.180317,-0.07621623814285611,0.028363920206081084,0.001774385271207643,0.3854435464959154,6.0,8.0,0.0,-0.07672742599778581,0.05599717113494096,26,0,1,5,8.0,8.5,8.0,27.0,2.1972245773362196,2.2512917986064953,0.0017728129093713251,0.0020594119566551363,4.0,0.03530402474270065,-0.005138058932619094
2020-03-09,7929.87,435764.677218,-0.1109670966130728,0.030969344846824627,0.006046451882904187,0.641630672343299,13.0,18.0,3.0,-0.11052646928181409,0.052046990409608924,47,0,1,12,15.0,8.0,9.5,26.0,2.772588722239781,2.1972245773362196,0.006028245445423418,0.0017728129093713251,6.0,0.05599717113494096,-0.07672742599778581
2020-03-16,5028.97,1334536.342732,-0.3305040529694484,0.13021777652687797,0.0025379690404374856,0.6574508702108764,6.0,7.0,1.0,-0.365819363999662,0.1413677724922866,49,0,1,13,15.75,15.0,8.75,47.0,2.8183982582710754,2.772588722239781,0.00253475383592305,0.006028245445423418,13.0,0.052046990409608924,-0.11052646928181409
2020-03-23,6467.31,1118240.6388400001,0.2702314534692495,0.10284946639889872,0.004083635441649629,0.7591295871786408,10.0,16.0,3.0,0.2860108531170398,0.24837603823710228,35,0,1,8,11.0,15.75,8.5,49.0,2.4849066497880004,2.8183982582710754,0.004075320032817892,0.00253475383592305,6.0,0.1413677724922866,-0.365819363999662
2020-03-30,6394.38,724596.139567,-0.0032485076427533066,0.06079636947692748,0.004676876878068586,0.6029471726078488,12.0,25.0,13.0,-0.01127671319296586,0.24964687293152982,31,0,1,7,9.75,11.0,8.0,35.0,2.3749057545736716,2.4849066497880004,0.0046659742696248604,0.004075320032817892,10.0,0.24837603823710228,0.2860108531170398
2020-04-06,7329.9,663946.750423,0.1409309497370832,0.04404976724133069,0.0039930628720085,0.7662387564231155,11.0,21.0,1.0,0.14630347273699718,0.25860651057570355,32,0,1,6,9.75,9.75,15.0,31.0,2.3749057545736716,2.3749057545736716,0.003985111755635443,0.0046659742696248604,12.0,0.24964687293152982,-0.01127671319296586
2020-04-13,6837.91,561168.246828,-0.067177070739491,0.037172142602007914,0.0018850395057965143,0.6444618728820863,4.0,5.0,1.0,-0.06712097027244568,0.15097956453898292,29,0,1,6,9.0,9.75,15.75,32.0,2.302585092994046,2.3749057545736716,0.001883265048425528,0.003985111755635443,11.0,0.25860651057570355,0.14630347273699718
2020-04-20,6826.83,495079.2737,0.0031410352356313967,0.033589521914050055,0.004755106716887214,0.6530467502195682,8.0,12.0,3.0,-0.0016203781564835262,0.08763325478049454,30,0,1,6,9.25,9.0,11.0,29.0,2.327277705584417,2.302585092994046,0.00474383690891479,0.001883265048425528,4.0,0.15097956453898292,-0.06712097027244568
2020-04-27,7774.62,444390.161153,0.1323373903393836,0.03255325547393457,0.0010987066019311571,0.3513641501785773,2.0,2.0,1.0,0.13883310409077132,0.10157559269157415,38,0,1,8,11.75,9.25,9.75,30.0,2.545531271604435,2.327277705584417,0.0010981034655721013,0.00474383690891479,8.0,0.08763325478049454,-0.0016203781564835262
2020-05-04,8871.96,761142.334859,0.1409532012179815,0.0464769384276224,0.004559776143727157,1.0,13.0,25.0,1.0,0.14114387584216326,0.10158206443337307,43,0,1,9,13.25,11.75,9.75,38.0,2.6567569067146595,2.545531271604435,0.004549411858424665,0.0010981034655721013,2.0,0.10157559269157415,0.13883310409077132
2020-05-11,8561.52,864867.588967,-0.026779900188393,0.040623694146435074,0.0020186339841662287,0.6993633097456612,6.0,8.0,1.0,-0.03499114062732456,0.08665356854110143,51,0,1,10,15.5,13.25,9.0,43.0,2.803360380906535,2.6567569067146595,0.0020165992803399487,0.004549411858424665,13.0,0.10158206443337307,0.14114387584216326
2020-05-18,9733.93,634687.1888380001,0.1333530870413394,0.049393137095628745,0.0022953689152142714,1.0,6.0,7.0,1.0,0.1369394686924752,0.08125489965934572,35,0,1,7,10.75,15.5,9.25,51.0,2.463853240590168,2.803360380906535,0.002292738580276199,0.0020165992803399487,6.0,0.08665356854110143,-0.03499114062732456
2020-05-25,8900.35,498075.484902,-0.0864628426584225,0.029537567239517358,0.001575295217566957,0.4851039711604077,3.0,15.0,2.0,-0.08563653118524583,0.1145403430477893,30,0,1,6,9.25,10.75,11.75,35.0,2.327277705584417,2.463853240590168,0.0015740557415787075,0.002292738580276199,6.0,0.08125489965934572,0.1369394686924752
2020-06-01,10200.77,439343.462178,0.14188514854945258,0.0320969031547962,0.006075198895033357,0.5741669577927345,12.0,30.0,4.0,0.1461088608874932,0.11481404167854764,31,0,1,6,9.5,9.25,13.25,30.0,2.3513752571634776,2.327277705584417,0.006056819276553372,0.0015740557415787075,3.0,0.1145403430477893,-0.08563653118524583
2020-06-08,9782.01,391838.032512,-0.039172346634999106,0.044074748183087216,0.0039584774933396575,0.7664098419491151,9.0,9.0,2.0,-0.04105180295213007,0.11737329230345903,26,0,1,5,8.0,9.5,15.5,31.0,2.1972245773362196,2.3513752571634776,0.003950663335962954,0.006056819276553372,12.0,0.11481404167854764,0.1461088608874932
2020-06-15,9426.02,381616.032099,-0.0347214237418289,0.0219688239728615,0.0021980036150874285,1.0,3.0,8.0,2.0,-0.036392316098634137,0.10043566729830106,26,0,1,5,8.0,8.0,10.75,26.0,2.1972245773362196,2.1972245773362196,0.002195591538996126,0.003950663335962954,9.0,0.11737329230345903,-0.04105180295213007
2020-06-22,9685.69,295353.255478,0.028217200037707002,0.016064302772558242,0.003531589957236071,1.0,12.0,26.0,3.0,0.02754821228896187,0.08436751573543588,25,0,1,5,7.75,8.0,9.25,26.0,2.169053700369523,2.1972245773362196,0.003525368536790992,0.002195591538996126,3.0,0.10043566729830106,-0.036392316098634137
2020-06-29,9192.56,327825.908072,-0.05134484486247,0.021348926534963085,0.001691446379970057,0.563112898993988,3.0,3.0,1.0,-0.050913254502260696,0.035680362141012695,23,0,1,4,7.0,7.75,9.5,25.0,2.0794415416798357,2.169053700369523,0.0016900174955692237,0.003525368536790992,12.0,0.08436751573543588,0.02754821228896187
2020-07-06,9344.2,259599.034141,0.017073238713991093,0.012295684301376928,0.0012972890994152428,0.7421936036257796,4.0,4.0,0.0,0.01649594889780448,0.0387896427057604,26,0,1,4,7.75,7.0,8.0,23.0,2.169053700369523,2.0794415416798357,0.0012964483469656168,0.0016900174955692237,3.0,0.035680362141012695,-0.050913254502260696
2020-07-13,9242.62,273241.936511,-0.0103829111087114,0.016748473548286513,0.0014332885504754428,0.7741053259967025,3.0,6.0,0.0,-0.010870914578027024,0.035422485541681946,29,0,1,4,8.5,7.75,8.0,26.0,2.2512917986064953,2.169053700369523,0.0014322623728630357,0.0012964483469656168,4.0,0.0387896427057604,0.01649594889780448
2020-07-20,9160.78,240321.387062,-0.0088222334709761,0.007155277081813315,0.0032685275539877856,1.0,8.0,9.0,2.0,-0.008854632128119544,0.028275339688695195,24,0,1,4,7.25,8.5,7.75,29.0,2.1102132003465894,2.2512917986064953,0.0032631975288668967,0.0014322623728630357,3.0,0.035422485541681946,-0.010870914578027024
2020-07-27,11029.96,461163.704177,0.1922698217506151,0.015115854970739043,0.0033083855067005427,0.7564378052465734,8.0,11.0,1.0,0.20404157724560545,0.09730828967503405,40,0,1,9,12.5,7.25,7.0,24.0,2.6026896854443837,2.1102132003465894,0.003302924840049006,0.0032631975288668967,8.0,0.028275339688695195,-0.008854632128119544
2020-08-03,11219.81,544536.720055,0.02041409959822802,0.04117238868661967,0.005046387371194329,1.0,16.0,22.0,1.0,0.017212211105026798,0.09697344516224596,35,0,1,8,11.0,12.5,7.75,40.0,2.4849066497880004,2.6026896854443837,0.005033697034109595,0.003302924840049006,8.0,0.09730828967503405,0.20404157724560545
2020-08-10,11892.92,431187.947872,0.0598390307302617,0.031287050676806746,0.002329052984968243,0.6453833081265837,4.0,7.0,1.0,0.0599929945337756,0.08880398634438752,32,0,1,7,10.0,11.0,8.5,35.0,2.3978952727983707,2.4849066497880004,0.0023263449450287676,0.005033697034109595,16.0,0.09697344516224596,0.017212211105026798
2020-08-17,12281.13,467949.595973,0.0338349890086082,0.022993962320401903,0.0038088286572110852,0.7130956322632791,8.0,13.0,2.0,0.032642109759419835,0.0788376789813389,31,0,1,7,9.75,10.0,7.25,32.0,2.3749057545736716,2.3978952727983707,0.0038015934353352624,0.0023263449450287676,4.0,0.08880398634438752,0.0599929945337756
2020-08-24,11748.2,388188.663829,-0.0433402936473414,0.019944706056467414,0.005052312964418872,0.5773502691896257,9.0,15.0,6.0,-0.04339421535314736,0.04385323585870268,27,0,1,5,8.25,9.75,12.5,31.0,2.224623551524334,2.3749057545736716,0.005039592857258548,0.0038015934353352624,8.0,0.0788376789813389,0.032642109759419835
2020-08-31,11649.51,364294.395249,-0.007202586459946001,0.019500853060997754,0.0009903904271627714,0.5688307620526912,2.0,2.0,0.0,-0.008400435811443452,0.04542649954824797,29,0,1,6,9.0,8.25,11.0,27.0,2.302585092994046,2.224623551524334,0.0009899003141391343,0.005039592857258548,9.0,0.04385323585870268,-0.04339421535314736
2020-09-07,10373.44,589044.369457,-0.1073225220338505,0.040592702874799054,0.0038989833372803,0.649593396337131,8.0,11.0,0.0,-0.10953851277864901,0.0598534395464268,27,0,1,5,8.25,9.0,10.0,29.0,2.224623551524334,2.302585092994046,0.0038914020016925844,0.0009899003141391343,2.0,0.04542649954824797,-0.008400435811443452
2020-09-14,10671.77,371199.054733,0.0293537060616732,0.024898967024770013,0.004677306396817543,0.5063408630770242,6.0,8.0,1.0,0.028759023043464893,0.0582557810954046,24,0,1,4,7.25,8.25,9.75,27.0,2.1102132003465894,2.224623551524334,0.004666401788827331,0.0038914020016925844,8.0,0.0598534395464268,-0.10953851277864901
2020-09-21,10417.22,377963.698632,-0.0226729865516124,0.014920425793448001,0.0014339395534756002,1.0,4.0,6.0,0.0,-0.023852650497527716,0.05784491423143228,22,0,1,4,6.75,7.25,8.25,24.0,2.0476928433652555,2.1102132003465894,0.0014329124439122023,0.004666401788827331,6.0,0.0582557810954046,0.028759023043464893
2020-09-28,10696.12,310711.111636,0.0280449867472554,0.026814391353439986,0.0026265837252233714,0.8439457785314237,7.0,11.0,0.0,0.026772977819418342,0.0641944311729655,21,0,1,4,6.5,6.75,9.0,22.0,2.0149030205422647,2.0476928433652555,0.0026231402825329818,0.0014329124439122023,4.0,0.05784491423143228,-0.023852650497527716
2020-10-05,10792.21,272003.636908,0.0093112131219071,0.013089248588077057,0.0015897130002689426,0.5682650426072301,3.0,4.0,0.0,0.008983631447665008,0.024249479603193052,22,0,1,3,6.5,6.5,8.25,21.0,2.0149030205422647,2.0149030205422647,0.0015884507441302565,0.0026231402825329818,7.0,0.0641944311729655,0.026772977819418342
2020-10-12,11528.25,307203.667551,0.0668693913647764,0.013182190971199785,0.002242106096177157,0.586478434932989,5.0,16.0,1.0,0.06820104501302326,0.03739916647690894,22,0,1,4,6.75,6.5,7.25,22.0,2.0476928433652555,2.0149030205422647,0.0022395963270495827,0.0015884507441302565,3.0,0.024249479603193052,0.008983631447665008
2020-10-19,11751.47,274246.348029,0.019697312079663503,0.011564897982043871,0.008287146437036258,0.6908905557279973,20.0,34.0,2.0,0.019362869472816735,0.025123017896586084,31,0,1,6,9.5,6.75,6.75,22.0,2.3513752571634776,2.0476928433652555,0.008252996579195185,0.0022395963270495827,5.0,0.03739916647690894,0.06820104501302326
2020-10-26,13052.19,432530.492975,0.10785811651799881,0.024225460332710013,0.009406804321429343,0.609506688191273,28.0,53.0,6.0,0.11068572697713575,0.04546969246664835,33,0,1,7,10.25,9.5,6.5,31.0,2.4203681286504293,2.3513752571634776,0.009362835857743628,0.008252996579195185,20.0,0.025123017896586084,0.019362869472816735
2020-11-02,13549.37,488973.270638,0.0391270676396171,0.02331966284582443,0.0038693534059328428,0.6151767164080628,7.0,8.0,0.0,0.038091691892318424,0.03824124856279284,37,0,1,8,11.5,10.25,6.5,33.0,2.5257286443082556,2.4203681286504293,0.0038618867126949796,0.009362835857743628,28.0,0.04546969246664835,0.11068572697713575
2020-11-09,15328.41,709447.058678,0.1311329630066339,0.036934779578641684,0.0036693025545401284,0.620024342358351,8.0,15.0,1.0,0.1313005696943843,0.05346221989960942,38,0,1,9,12.0,11.5,6.75,37.0,2.5649493574615367,2.5257286443082556,0.003662587086298319,0.0038618867126949796,7.0,0.03824124856279284,0.038091691892318424
2020-11-16,16713.57,502053.768286,0.0887964829859475,0.032646224301504184,0.006241595859448086,0.670978885682422,15.0,18.0,2.0,0.09036553693435923,0.039108326666215706,51,0,1,13,16.25,12.0,9.5,38.0,2.847812143477369,2.5649493574615367,0.006222197774837264,0.003662587086298319,8.0,0.05346221989960942,0.1313005696943843
2020-11-23,18368.0,685858.472998,0.0971946771248886,0.02819821061615677,0.008645633799916586,0.541858301107327,20.0,50.0,4.0,0.09898723013694855,0.03798979833279305,60,0,1,14,18.75,16.25,10.25,51.0,2.9831534913471307,2.847812143477369,0.008608474332512493,0.006222197774837264,15.0,0.039108326666215706,0.09036553693435923
2020-11-30,19695.87,708853.5407690001,0.0788678095254943,0.03897127308853927,0.006858849186432729,1.0,17.0,36.0,5.0,0.07229257404181189,0.022695104749383414,50,0,1,12,15.75,18.75,11.5,60.0,2.8183982582710754,2.9831534913471307,0.006835434285561114,0.008608474332512493,20.0,0.03798979833279305,0.09898723013694855
2020-12-07,19166.9,462920.972336,-0.0244674564161496,0.04470565523273847,0.005628085786598615,0.6239104307000439,23.0,36.0,1.0,-0.02685689944135483,0.056872338173136576,40,0,1,10,12.75,15.75,12.0,50.0,2.6210388241125804,2.8183982582710754,0.005612307285941769,0.006835434285561114,17.0,0.022695104749383414,0.07229257404181189
2020-12-14,19273.14,420051.902238,0.007877313116629397,0.027153712419664015,0.006952716599697657,0.7130117783450689,23.0,62.0,3.0,0.005542889043089749,0.05764774656688907,65,0,2,16,20.75,12.75,16.25,40.0,3.079613757534693,2.6210388241125804,0.006928657916736623,0.005612307285941769,23.0,0.056872338173136576,-0.02685689944135483
2020-12-21,22719.71,691434.820249,0.17251230704370962,0.0363484678404245,0.004983421712938143,0.4712121970192858,15.0,23.0,2.0,0.1788276326535272,0.08729213988920914,71,0,1,17,22.25,20.75,18.75,65.0,3.1463051320333655,3.079613757534693,0.004971045566959988,0.006928657916736623,23.0,0.05764774656688907,0.005542889043089749
2020-12-28,27079.41,680598.00581,0.1809804693757019,0.03711073731918,0.004357191749104386,1.0,8.0,11.0,0.0,0.19189065353387003,0.10770219560068894,100,0,2,27,32.25,22.25,15.75,71.0,3.5040547671018634,3.1463051320333655,0.004347726673275404,0.004971045566959988,15.0,0.08729213988920914,0.1788276326535272
2021-01-04,31988.71,686310.406397,0.1734274383395383,0.03240530856128242,0.006005528678235271,0.6037524303588969,15.0,29.0,3.0,0.18129272388135487,0.08396716789413715,87,0,2,23,28.0,32.25,12.75,100.0,3.367295829986474,3.5040547671018634,0.005987567366457342,0.004347726673275404,8.0,0.10770219560068894,0.19189065353387003
2021-01-11,35404.47,960956.518749,0.1134535983255246,0.04778161046387195,0.002663239003475857,0.8441068856557788,8.0,10.0,0.0,0.10678017337992074,0.031323934394905835,84,0,2,24,27.5,28.0,20.75,87.0,3.349904087274605,3.367295829986474,0.002659698866575152,0.005987567366457342,15.0,0.08396716789413715,0.18129272388135487
2021-01-18,36631.27,716881.654913,0.0428019810895541,0.06077681619946918,0.005792830223763015,0.553893506074027,16.0,22.0,3.0,0.03465099180979103,0.06413640658949617,52,0,1,15,17.0,27.5,22.25,84.0,2.8903717578961645,3.349904087274605,0.0057761162989847055,0.002659698866575152,8.0,0.031323934394905835,0.10678017337992074
2021-01-25,32254.2,658028.043956,-0.11510942959927407,0.05383163032807163,0.007822291400110986,0.6315526858879836,22.0,33.0,9.0,-0.11948998765262564,0.12452647580122607,51,0,1,14,16.5,17.0,32.25,52.0,2.8622008809294686,2.8903717578961645,0.00779185589264435,0.0057761162989847055,16.0,0.06413640658949617,0.03465099180979103
2021-02-01,33526.37,741682.55847,0.046501934255411596,0.054051104582908106,0.0019359001061891713,0.6981951919166345,5.0,7.0,0.0,0.039441995151019205,0.09694636415741477,45,0,1,12,14.5,16.5,28.0,51.0,2.740840023925201,2.8622008809294686,0.001934028666469591,0.00779185589264435,22.0,0.12452647580122607,-0.11948998765262564
2021-02-08,46374.87,639321.591576,0.3458631000793029,0.04426091727975164,0.0033759914473023714,0.5841920002934804,11.0,17.0,1.0,0.38323564406167443,0.19257612321087508,78,0,2,21,25.25,14.5,27.5,45.0,3.2676659890376327,2.740840023925201,0.003370305581538635,0.001934028666469591,5.0,0.09694636415741477,0.039441995151019205
2021-02-15,47911.1,604986.890779,0.0362346357398313,0.07145033309002345,0.006187402214686686,0.5266159055434515,11.0,14.0,1.0,0.03312634623018873,0.1930266050552947,75,0,2,20,24.25,25.25,17.0,78.0,3.228826155721369,3.2676659890376327,0.006168338836383919,0.003370305581538635,11.0,0.19257612321087508,0.38323564406167443
2021-02-22,54087.67,588109.0778590001,0.1289188035786567,0.036849228306597245,0.0033751032856212146,1.0,10.0,16.0,0.0,0.12891730726282646,0.14377066055951976,84,0,1,24,27.25,24.25,16.5,75.0,3.34109345759245,3.228826155721369,0.0033694204078033494,0.006168338836383919,11.0,0.1930266050552947,0.03312634623018873
2021-03-01,49587.03,688192.423069,-0.0754510199395433,0.0530497191164066,0.0034686011971647285,0.8528596019996415,8.0,21.0,4.0,-0.08321009205979846,0.17871561833865238,54,0,1,15,17.5,27.25,14.5,84.0,2.917770732084279,3.34109345759245,0.00346259947441657,0.0033694204078033494,10.0,0.14377066055951976,0.12891730726282646
2021-03-08,52375.17,472720.810984,0.0578160540328716,0.045505887156730894,0.004652222218942486,0.7822151228410607,17.0,29.0,4.0,0.05622720296012895,0.0847115384855407,52,0,1,15,17.0,17.5,25.25,54.0,2.8903717578961645,2.917770732084279,0.004641434079430614,0.00346259947441657,8.0,0.17871561833865238,-0.08321009205979846
2021-03-15,55605.2,550343.766319,0.0663970071719936,0.029209494069371844,0.003504255892492414,0.5551472916520904,6.0,6.0,0.0,0.06167101701054145,0.08596811877140255,50,0,1,14,16.25,17.0,24.25,52.0,2.847812143477369,2.8903717578961645,0.003498130294084097,0.004641434079430614,17.0,0.0847115384855407,0.05622720296012895
2021-03-22,54083.25,423004.413051,-0.0248451264976556,0.03862384264916157,0.005292599121048599,0.5170365615901714,11.0,17.0,1.0,-0.027370641594670952,0.06811360775187954,46,0,1,12,14.75,16.25,27.25,50.0,2.7568403652716422,2.847812143477369,0.005278642541051087,0.003498130294084097,6.0,0.08596811877140255,0.06167101701054145
2021-03-29,57635.47,451554.939642,0.0677048463049224,0.0338835495436095,0.00484453899278837,0.7996522646758822,15.0,22.0,0.0,0.0656805942690204,0.0446249431387332,45,0,1,11,14.25,14.75,17.5,46.0,2.7245795030534206,2.7568403652716422,0.004832841976318267,0.005278642541051087,11.0,0.06811360775187954,-0.027370641594670952
2021-04-05,59129.99,353877.971665,0.026647235532342797,0.023546336350327175,0.008299842281659186,0.6286539362033393,17.0,31.0,1.0,0.025930559775082962,0.043598136390534246,42,0,1,11,13.5,14.25,17.0,45.0,2.6741486494265287,2.7245795030534206,0.008265587996966021,0.004832841976318267,15.0,0.0446249431387332,0.0656805942690204
2021-04-12,59860.0,377982.614941,0.014188373348831804,0.024902823964370442,0.004649697111150029,0.7438724589239977,12.0,17.0,0.0,0.012345850219152688,0.03812866206496632,52,0,1,14,16.75,13.5,16.25,42.0,2.8763855159214247,2.6741486494265287,0.004638920661443833,0.008265587996966021,17.0,0.043598136390534246,0.025930559775082962
2021-04-19,55633.14,570902.303182,-0.0684629356913715,0.03118852503840657,0.007340762969760328,0.7202962470642766,23.0,43.0,4.0,-0.0706124290010024,0.057099191425225404,69,0,1,18,22.0,16.75,14.75,52.0,3.1354942159291497,2.8763855159214247,0.007313950704306076,0.004638920661443833,12.0,0.03812866206496632,0.012345850219152688
2021-04-26,54001.39,576544.610817,-0.02253927014449171,0.028814731713530016,0.00827414514528477,0.5018984943879972,24.0,60.0,2.0,-0.029330539315235438,0.04272940244307112,50,0,1,13,16.0,22.0,14.25,69.0,2.833213344056216,3.1354942159291497,0.008240102062369994,0.007313950704306076,23.0,0.057099191425225404,-0.0706124290010024
2021-05-03,57169.39,367322.585175,0.0605919072365306,0.046058087539971974,0.003594163813424614,0.8523037013178183,9.0,13.0,2.0,0.0586651565820806,0.05477862633139958,45,0,1,11,14.25,16.0,13.5,50.0,2.7245795030534206,2.833213344056216,0.0035877202415521533,0.008240102062369994,24.0,0.04272940244307112,-0.029330539315235438
2021-05-10,55816.14,536415.344267,-0.016811927086102685,0.048448198058311416,0.0084532010346694,0.5955285786567232,20.0,44.0,3.0,-0.02367088401677886,0.0535155046921437,58,0,1,16,18.75,14.25,16.75,45.0,2.9831534913471307,2.7245795030534206,0.00841767280855369,0.0035877202415521533,9.0,0.05477862633139958,0.0586651565820806
2021-05-17,43538.04,761950.971683,-0.23584637103123898,0.049161989781305517,0.005914170227017185,1.0,13.0,18.0,0.0,-0.21997400751825547,0.12724209485089608,100,1,1,29,32.75,18.75,22.0,58.0,3.518980417318539,2.9831534913471307,0.00589675017198324,0.00841767280855369,20.0,0.0535155046921437,-0.02367088401677886
2021-05-24,38796.29,1381754.7733790001,-0.0856140049568736,0.07267688166110754,0.006006566772877385,1.0,19.0,28.0,5.0,-0.1089105067660372,0.12600355567750984,71,0,1,22,23.5,32.75,16.0,100.0,3.1986731175506815,3.518980417318539,0.00598859926347671,0.00589675017198324,13.0,0.12724209485089608,-0.21997400751825547
2021-05-31,37253.81,719061.005259,-0.03525229277472769,0.06841984215572425,0.0027494190594804144,0.6400472167661859,7.0,10.0,0.0,-0.039758440819985696,0.09932854186243924,51,0,1,16,17.0,23.5,14.25,71.0,2.8903717578961645,3.1986731175506815,0.002745646320542906,0.00598859926347671,19.0,0.12600355567750984,-0.1089105067660372
2021-06-07,33552.79,511713.722221,-0.09855573764848641,0.04193444011794486,0.005797196447177729,0.6353807777892281,8.0,9.0,0.0,-0.0993460803069538,0.08581354918969322,53,0,1,14,17.0,17.0,18.75,51.0,2.8903717578961645,2.8903717578961645,0.0057804573658589995,0.002745646320542906,7.0,0.09932854186243924,-0.039758440819985696
2021-06-14,40516.29,731013.044291,0.2020009954388762,0.059833933359912085,0.006778532613790071,0.781569697904634,14.0,25.0,0.0,0.20753862793526268,0.14025482096789238,40,0,1,11,13.0,17.0,32.75,53.0,2.6390573296152584,2.8903717578961645,0.006755661657767082,0.0057804573658589995,8.0,0.08581354918969322,-0.0993460803069538
2021-06-21,31608.93,670590.443299,-0.2384670040089381,0.04947589682024991,0.003967616633356143,0.7414930596960969,12.0,19.0,2.0,-0.21984638771220166,0.1838283253834379,50,0,1,14,16.25,13.0,23.5,40.0,2.847812143477369,2.6390573296152584,0.003959766400107875,0.006755661657767082,14.0,0.14025482096789238,0.20753862793526268
2021-06-28,34494.89,820517.102258,0.0959433058813805,0.05678412748774631,0.0029687903118062854,0.6741486644356944,8.0,12.0,0.0,0.09130204660518393,0.19681419698231875,35,0,0,10,11.25,16.25,17.0,50.0,2.505525936990736,2.847812143477369,0.002964392156498968,0.003959766400107875,12.0,0.1838283253834379,-0.21984638771220166
2021-07-05,33690.14,446693.370019,-0.0199111273202407,0.04351714721521016,0.0007726500305459571,1.0,4.0,5.0,0.0,-0.023329542433676353,0.18875126016529983,30,0,0,8,9.5,11.25,17.0,35.0,2.3513752571634776,2.505525936990736,0.0007723516901763456,0.002964392156498968,8.0,0.19681419698231875,0.09130204660518393
2021-07-12,33086.63,343823.764921,-0.016171309087617,0.027904322401744258,0.0070167976447591,0.6260673672599842,18.0,33.0,1.0,-0.01791354978044024,0.1399458899596513,29,0,0,8,9.25,9.5,13.0,30.0,2.327277705584417,2.3513752571634776,0.006992294475909772,0.0007723516901763456,4.0,0.18875126016529983,-0.023329542433676353
2021-07-19,30839.65,305320.051816,-0.0692370590359595,0.0204013642615502,0.0067155310816853575,0.7658098905652357,12.0,20.0,0.0,-0.0679120236784464,0.06984476664596888,35,0,0,10,11.25,9.25,16.25,29.0,2.505525936990736,2.327277705584417,0.006693082350222818,0.006992294475909772,18.0,0.1399458899596513,-0.01791354978044024
2021-07-26,37237.6,488374.261379,0.1949590848449462,0.035814851897967674,0.0029986791777439,1.0,7.0,25.0,0.0,0.20745858010710228,0.11754710451459768,40,0,0,11,12.75,11.25,11.25,35.0,2.6210388241125804,2.505525936990736,0.0029941921072902263,0.006693082350222818,12.0,0.06984476664596888,-0.0679120236784464
2021-08-02,39147.82,466983.348836,0.054373705821688975,0.028159914146644816,0.0055330155731717,0.7438231851673041,10.0,12.0,0.0,0.05129815025672979,0.11445963211747032,32,0,0,8,10.0,12.75,9.5,40.0,2.3978952727983707,2.6210388241125804,0.005517764672290928,0.0029941921072902263,7.0,0.11754710451459768,0.20745858010710228
2021-08-09,46253.4,486858.203602,0.1718587166886594,0.034024286872541956,0.006053317490051386,0.7510185008724103,16.0,46.0,1.0,0.18150640316625544,0.1215548573981346,36,0,0,10,11.5,10.0,9.25,32.0,2.5257286443082556,2.3978952727983707,0.006035069766216781,0.005517764672290928,10.0,0.11445963211747032,0.05129815025672979
2021-08-16,45901.29,350760.66898,-0.004054388724912792,0.03581436789980624,0.007194065153137514,0.6947971261290251,17.0,25.0,3.0,-0.007612629558043316,0.09489741352877473,31,0,0,9,10.0,11.5,11.25,36.0,2.3978952727983707,2.5257286443082556,0.007168311309211773,0.006035069766216781,16.0,0.1215548573981346,0.18150640316625544
2021-08-23,49488.85,357616.430095,0.0781797855927481,0.03388946349262532,0.006230146555965871,0.6511756598746145,16.0,21.0,1.0,0.07815815198222098,0.0731818065152646,33,0,0,9,10.5,10.0,12.75,31.0,2.4423470353692043,2.3978952727983707,0.006210819425277338,0.007168311309211773,17.0,0.09489741352877473,-0.007612629558043316
2021-08-30,46982.91,286731.505918,-0.048144828530087294,0.032939222753841355,0.0038947084847423714,0.7812615076852124,11.0,15.0,2.0,-0.050636456494745685,0.09694803467904028,28,0,0,7,8.75,10.5,10.0,33.0,2.277267285009756,2.4423470353692043,0.0038871437429328854,0.006210819425277338,16.0,0.0731818065152646,0.07815815198222098
2021-09-06,52663.9,336445.759889,0.1157651399901326,0.02547784468374436,0.0030700027239706426,0.8672654694982095,10.0,14.0,0.0,0.1209160948097936,0.07488891247940549,38,0,0,10,12.0,8.75,11.5,28.0,2.5649493574615367,2.277267285009756,0.003065299888295194,0.0038871437429328854,11.0,0.09694803467904028,-0.050636456494745685
2021-09-13,44940.73,415781.883299,-0.1508039069375928,0.04759333231296366,0.004673433624749085,0.7535266571590836,13.0,24.0,1.0,-0.14665017212929532,0.12188400202071363,28,0,0,7,8.75,12.0,10.0,38.0,2.277267285009756,2.5649493574615367,0.0046625470391399556,0.003065299888295194,10.0,0.07488891247940549,0.1209160948097936
2021-09-20,43015.62,302004.817753,-0.03763533299767019,0.02907782341452963,0.002932509721799872,0.7359843119642886,9.0,10.0,1.0,-0.04283664284047006,0.10989150015528848,34,0,0,9,10.75,8.75,10.5,28.0,2.463853240590168,2.277267285009756,0.0029282183028704156,0.0046625470391399556,13.0,0.12188400202071363,-0.14665017212929532
2021-09-27,42147.35,398947.552117,-0.014775054764507186,0.05009870562718273,0.005907413956075414,1.0,13.0,20.0,1.0,-0.02018499326523726,0.10934085520801361,28,0,0,7,8.75,10.75,8.75,34.0,2.277267285009756,2.463853240590168,0.005890033601294354,0.0029282183028704156,9.0,0.10989150015528848,-0.04283664284047006
2021-10-04,49224.94,297640.43104,0.16204557369593958,0.03959539356932607,0.006935832478376043,0.7931584856231252,22.0,46.0,7.0,0.16792491105609253,0.12937231921596842,34,0,0,9,10.75,8.75,12.0,28.0,2.463853240590168,2.277267285009756,0.006911890234801355,0.005890033601294354,13.0,0.10934085520801361,-0.02018499326523726
2021-10-11,57471.35,430428.93063,0.1604107163783462,0.03654050681192152,0.0033541525472492715,1.0,7.0,8.0,1.0,0.16752503913666517,0.10861842857408371,36,0,0,10,11.5,10.75,8.75,34.0,2.5257286443082556,2.463853240590168,0.0033485399244877175,0.006911890234801355,22.0,0.12937231921596842,0.16792491105609253
2021-10-18,62009.84,361211.545863,0.07951552176141032,0.03307865856557978,0.0030935586785022858,0.7658098905652357,8.0,9.0,2.0,0.07896960833528355,0.08376764322842213,45,0,1,13,14.75,11.5,10.75,36.0,2.7568403652716422,2.5257286443082556,0.0030887834715741746,0.0033485399244877175,7.0,0.10861842857408371,0.16752503913666517
2021-10-25,63078.78,321422.39843,0.0208541643078283,0.03309623470866027,0.0019895207963633427,1.0,6.0,9.0,0.0,0.017238231867716447,0.06844104209219448,37,0,1,10,12.0,14.75,8.75,45.0,2.5649493574615367,2.7568403652716422,0.0019875443209222583,0.0030887834715741746,8.0,0.08376764322842213,0.07896960833528355
2021-11-01,60911.11,322805.67846,-0.0323481479079956,0.03251642524904657,0.004511177515242915,0.5911841194817327,12.0,20.0,4.0,-0.03436448834298944,0.08264440139043326,31,0,1,8,10.0,12.0,10.75,37.0,2.3978952727983707,2.5649493574615367,0.004501032652697549,0.0019875443209222583,6.0,0.06844104209219448,0.017238231867716447
2021-11-08,67525.83,262788.152154,0.1067478900709021,0.02333658946784357,0.003759486942826943,0.4932680793104422,5.0,6.0,0.0,0.10859628071135141,0.06208338697935893,40,0,1,11,13.0,10.0,11.5,31.0,2.6390573296152584,2.3978952727983707,0.003752437733872292,0.004501032652697549,12.0,0.08264440139043326,-0.03436448834298944
2021-11-15,63606.74,277600.389394,-0.0586184540814655,0.02986875959068253,0.004724247731154571,1.0,10.0,13.0,1.0,-0.058038383237940305,0.07297715382822262,37,0,1,11,12.25,13.0,14.75,40.0,2.583997552432231,2.6390573296152584,0.004713123494848841,0.003752437733872292,5.0,0.06208338697935893,0.10859628071135141
2021-11-22,56247.18,354045.56599000003,-0.1180186415261525,0.03148166365326675,0.0018918165752410143,1.0,5.0,6.0,0.0,-0.11570409047846186,0.09520664981047225,37,0,1,10,12.0,12.25,12.0,37.0,2.5649493574615367,2.583997552432231,0.0018900293439846456,0.004713123494848841,10.0,0.07297715382822262,-0.058038383237940305
2021-11-29,57776.25,303617.27905,0.03305854219162,0.03903777886663741,0.005015648580419671,0.7378912010697052,15.0,33.0,2.0,0.027184829532787225,0.09918564699994654,38,0,1,11,12.5,12.0,10.0,37.0,2.6026896854443837,2.5649493574615367,0.005003112116602308,0.0018900293439846456,5.0,0.09520664981047225,-0.11570409047846186
2021-12-06,50441.92,408974.848148,-0.1303415770245166,0.03910441140979419,0.0038394282322871853,0.8105965264306536,9.0,14.0,2.0,-0.12694368360701846,0.07458386187041502,41,0,1,12,13.5,12.5,13.0,38.0,2.6741486494265287,2.6026896854443837,0.0038320764394904607,0.005003112116602308,15.0,0.09918564699994654,0.027184829532787225
2021-12-13,46702.75,264382.30271,-0.0716885558338015,0.03660065387488503,0.004426811454547514,0.8051906047091574,11.0,17.0,1.0,-0.07412822509531747,0.074293549192289,36,0,0,10,11.5,13.5,12.25,41.0,2.5257286443082556,2.6741486494265287,0.004417041945957755,0.0038320764394904607,9.0,0.07458386187041502,-0.12694368360701846
2021-12-20,46914.16,256813.78699,0.0061409126913325,0.037131944952055185,0.0,0.0,1.0,1.0,0.0,0.0045267141656542,0.07445422830350769,32,0,0,9,10.25,11.5,12.0,36.0,2.4203681286504293,2.5257286443082556,0.0,0.004417041945957755,11.0,0.074293549192289,-0.07412822509531747
2021-12-27,50701.44,202093.13552,0.0796205142896347,0.024003288253504115,0.006144649436783243,0.9089021904485975,6.0,6.0,0.0,0.08072786553143008,0.09151631885735673,32,0,0,9,10.25,10.25,12.5,32.0,2.4203681286504293,2.4203681286504293,0.006125848057712687,0.0,1.0,0.07445422830350769,0.0045267141656542
2022-01-03,46446.1,216249.50364,-0.08436994728826039,0.0295180882835399,0.0025067558389827,0.7199015634234167,6.0,8.0,1.0,-0.08392937163125946,0.07615609938123094,61,0,1,16,19.5,10.25,13.5,32.0,3.0204248861443626,2.4203681286504293,0.002503619167384238,0.006125848057712687,6.0,0.09151631885735673,0.08072786553143008
2022-01-10,41822.49,287398.70896,-0.1026880213161175,0.02264402329948864,0.005529649415765329,0.6808113021798999,15.0,19.0,2.0,-0.09954786300679719,0.08460694907523056,57,0,1,15,18.25,19.5,11.5,61.0,2.9575110607337933,3.0204248861443626,0.005514417031797197,0.002503619167384238,6.0,0.07615609938123094,-0.08392937163125946
2022-01-17,42201.62,208891.98563,0.010379137193104699,0.021109146721386786,0.006556235799439128,0.7634962903046774,14.0,54.0,1.0,0.009065218259362462,0.08515709264107404,59,1,1,17,19.5,18.25,10.25,57.0,3.0204248861443626,2.9575110607337933,0.006534837164253297,0.005514417031797197,15.0,0.08460694907523056,-0.09954786300679719
2022-01-24,36660.35,418856.651401,-0.1331708683480787,0.029762147369838572,0.005753206370532985,0.6509445629761618,17.0,34.0,1.0,-0.13130467503380205,0.06192364998517076,79,0,1,22,25.5,19.5,10.25,59.0,3.2771447329921766,3.0204248861443626,0.005736719881985727,0.006534837164253297,14.0,0.08515709264107404,0.009065218259362462
2022-01-31,38466.9,298653.11898,0.0485162897109103,0.026671774973336258,0.006863692606676957,1.0,15.0,36.0,0.0,0.04927803471598069,0.0873915517781297,58,0,1,17,19.0,25.5,19.5,79.0,2.995732273553991,3.2771447329921766,0.0068402447002470675,0.005736719881985727,17.0,0.06192364998517076,-0.13130467503380205
2022-02-07,43839.99,273152.32748,0.1388874216651661,0.03558789758694627,0.0026287235863881714,1.0,8.0,9.0,0.0,0.13968086848693284,0.11319905172238601,55,0,1,15,17.75,19.0,18.25,58.0,2.9311937524164198,2.995732273553991,0.0026252745356198566,0.0068402447002470675,15.0,0.0873915517781297,0.04927803471598069
2022-02-14,42535.94,284939.98931,-0.0295424240455933,0.030120710617680985,0.0015417612681949717,0.9469670111154044,3.0,5.0,0.0,-0.029745672843447202,0.11561196169629968,47,0,1,12,15.0,17.75,19.5,55.0,2.772588722239781,2.9311937524164198,0.0015405739744832293,0.0026252745356198566,8.0,0.11319905172238601,0.13968086848693284
2022-02-21,37008.16,271488.01598,-0.1332558277737999,0.03415166549496346,0.004045968090132157,0.4238814237444999,6.0,8.0,1.0,-0.1299555152654437,0.11564609743852444,60,0,1,17,19.5,15.0,25.5,47.0,3.0204248861443626,2.772588722239781,0.00403780517176944,0.0015405739744832293,3.0,0.11561196169629968,-0.029745672843447202
2022-02-28,43160.0,423933.88629,0.1655742725200612,0.036388383488602814,0.003326296390677386,0.8486283637488236,9.0,24.0,0.0,0.16622928564943495,0.14179479697292724,56,0,1,14,17.75,19.5,19.0,60.0,2.9311937524164198,3.0204248861443626,0.003320776503970596,0.00403780517176944,6.0,0.11564609743852444,-0.1299555152654437
2022-03-07,37988.0,366465.55530999997,-0.1230094729068449,0.06087269149977056,0.006441950252221186,0.6183561398191247,14.0,51.0,1.0,-0.11983317886932343,0.13851837404256026,48,0,1,13,15.5,17.75,17.75,56.0,2.803360380906535,2.9311937524164198,0.006421289573269227,0.003320776503970596,9.0,0.14179479697292724,0.16622928564943495
2022-03-14,39671.37,357728.99177,0.050419401012868015,0.045288550246843404,0.006745431697228757,0.4527886392444826,13.0,22.0,0.0,0.04431320416973783,0.1442682117807699,45,0,1,10,14.0,15.5,15.0,48.0,2.70805020110221,2.803360380906535,0.006722783065655939,0.006421289573269227,14.0,0.13851837404256026,-0.11983317886932343
2022-03-21,41002.25,315880.46602,0.0346492357628675,0.032469198799998385,0.004568944732576143,0.5955878154289361,10.0,14.0,0.0,0.03354761884956314,0.1186258574422139,41,0,1,10,13.0,14.0,19.5,45.0,2.6390573296152584,2.70805020110221,0.004558538788674363,0.006722783065655939,13.0,0.1442682117807699,0.04431320416973783
2022-03-28,47122.21,334959.16307,0.141425347361075,0.01957395339582724,0.0031164967429605857,0.7993647685674784,8.0,10.0,0.0,0.14925912602357183,0.10984516955293866,48,0,1,11,15.0,13.0,17.75,41.0,2.772588722239781,2.6390573296152584,0.003111650533173545,0.004558538788674363,10.0,0.1186258574422139,0.03354761884956314
2022-04-04,46580.51,297745.77338,-0.010664183737611601,0.021253043271224487,0.004479325015546529,1.0,5.0,11.0,0.0,-0.011495640802924978,0.06380155051237119,38,0,1,8,11.75,15.0,15.5,48.0,2.545531271604435,2.772588722239781,0.004469322697215998,0.003111650533173545,8.0,0.10984516955293866,0.14925912602357183
2022-04-11,39530.45,287036.86318,-0.1598824293345715,0.02358711313731027,0.0031253246462309,1.0,6.0,8.0,0.0,-0.15135214277387699,0.1249935662699512,39,0,1,9,12.25,11.75,14.0,38.0,2.583997552432231,2.545531271604435,0.0031204509710631894,0.004469322697215998,5.0,0.06380155051237119,-0.011495640802924978
2022-04-18,40801.13,249964.09724,0.033192068734171,0.02971965412216073,0.0036760447261845,0.7924430661069066,9.0,65.0,0.0,0.03214433430431485,0.12486634917443443,33,0,1,8,10.5,12.25,13.0,39.0,2.4423470353692043,2.583997552432231,0.003669304586755856,0.0031204509710631894,6.0,0.1249935662699512,-0.15135214277387699
2022-04-25,40426.08,292678.66846,-0.008350919766711803,0.019255167785006487,0.0036633034138780145,0.7515400702578628,9.0,24.0,4.0,-0.00919214737434959,0.08473497260089757,33,0,1,8,10.5,10.5,15.0,33.0,2.4423470353692043,2.4423470353692043,0.0036566098599589525,0.003669304586755856,9.0,0.12486634917443443,0.03214433430431485
2022-05-02,38525.16,358608.06658,-0.044965379257912,0.030342890463819487,0.0033548029211216716,0.7469520496653408,8.0,20.0,1.0,-0.04702212037377851,0.08297615812628814,39,0,1,9,12.25,10.5,11.75,33.0,2.583997552432231,2.4423470353692043,0.0033491881239893218,0.0036566098599589525,9.0,0.08473497260089757,-0.00919214737434959
2022-05-09,30076.31,558655.583048,-0.2343381406987688,0.03858913153452761,0.0039725321968242,0.5028805123383993,7.0,18.0,1.0,-0.2193073305860378,0.11820875072430666,84,2,1,25,28.0,12.25,12.25,39.0,3.367295829986474,2.583997552432231,0.0039646625255934185,0.0033491881239893218,8.0,0.08297615812628814,-0.04702212037377851
2022-05-16,29874.01,845429.1194259999,-0.0019345863632832944,0.0508726562768509,0.004965294620818457,1.0,18.0,33.0,2.0,-0.006726224061395891,0.10961185914527921,56,0,1,16,18.25,28.0,10.5,84.0,2.9575110607337933,3.367295829986474,0.004953008199167597,0.0039646625255934185,7.0,0.11820875072430666,-0.2193073305860378
2022-05-23,29109.15,365915.52650000004,-0.020649098685872096,0.041946014590405444,0.006126866955645843,0.435131256832626,9.0,23.0,2.0,-0.02560285679759755,0.10736605031750157,46,0,1,12,14.75,18.25,10.5,56.0,2.7568403652716422,2.9575110607337933,0.006108174020195381,0.004953008199167597,18.0,0.10961185914527921,-0.006726224061395891
2022-05-30,31734.22,463393.16819,0.0898077649620705,0.02895370688063707,0.005096262379337786,1.0,9.0,14.0,1.0,0.09018023542425668,0.1371473045141487,38,0,0,11,12.25,14.75,12.25,46.0,2.583997552432231,2.7568403652716422,0.005083320386123822,0.006108174020195381,9.0,0.10736605031750157,-0.02560285679759755
2022-06-06,31373.1,394452.38048,-0.007684874379297504,0.0400539098253189,0.0037708312547554434,1.0,7.0,9.0,0.0,-0.011379513975765088,0.050558186260157734,37,0,0,10,11.75,12.25,28.0,38.0,2.545531271604435,2.583997552432231,0.003763739492880152,0.005083320386123822,9.0,0.1371473045141487,0.09018023542425668
2022-06-13,22487.41,714699.598365,-0.31624660822112677,0.032848094566667915,0.004059273543998857,0.6492692746527224,9.0,10.0,0.0,-0.28322639458644505,0.17543802081758053,100,1,1,34,34.0,11.75,18.25,37.0,3.5553480614894135,2.545531271604435,0.004051056921320242,0.003763739492880152,7.0,0.050558186260157734,-0.011379513975765088
2022-06-20,20573.89,1008135.544111,-0.07741101540705796,0.06133247213957337,0.004831210697800472,0.6791791585905885,17.0,23.0,1.0,-0.08509294756488184,0.17307551529704,77,0,1,25,25.75,34.0,14.75,100.0,3.2865344733420154,3.5553480614894135,0.004819577851505947,0.004051056921320242,9.0,0.17543802081758053,-0.28322639458644505
2022-06-27,20742.56,526247.29154,0.010769494414232595,0.046240613098146026,0.0030352459678610996,0.7530851909857159,4.0,5.0,0.0,0.008198255167107593,0.1506016866195056,54,0,1,17,18.0,25.75,12.25,77.0,2.9444389791664403,3.2865344733420154,0.003030648908606381,0.004819577851505947,17.0,0.17307551529704,-0.08509294756488184
2022-07-04,20236.71,518883.18441,-0.0226950446942341,0.019184213191085844,0.0034581431886614145,0.6540262586799401,7.0,7.0,0.0,-0.0243870573352567,0.1477734773698928,50,0,1,16,16.75,18.0,11.75,54.0,2.8763855159214247,2.9444389791664403,0.0034521775608787053,0.003030648908606381,4.0,0.1506016866195056,0.008198255167107593
2022-07-11,19963.61,1174718.34194,-0.010573395736130108,0.02699282913044009,0.0,0.0,0.0,0.0,0.0,-0.013495276653171295,0.03759347890907107,45,0,0,14,14.75,16.75,34.0,50.0,2.7568403652716422,2.8763855159214247,0.0,0.0034521775608787053,7.0,0.1477734773698928,-0.0243870573352567
2022-07-18,22432.58,1146093.08711,0.12167011151539579,0.0343707249935776,0.0012873868538513715,0.5935403941800803,3.0,3.0,0.0,0.12367352397687603,0.06604980388704819,46,0,1,14,15.25,14.75,25.75,45.0,2.7880929087757464,2.7568403652716422,0.001286558881932895,0.0,0.0,0.03759347890907107,-0.013495276653171295
2022-07-25,21310.9,1276621.2712,-0.0484488081688626,0.033747306551913214,0.0009743180370655142,1.0,4.0,4.0,0.0,-0.05000227347902031,0.07611111829953779,40,0,1,12,13.25,15.25,18.0,46.0,2.6567569067146595,2.7880929087757464,0.0009738436973270109,0.001286558881932895,3.0,0.06604980388704819,0.12367352397687603
2022-08-01,23268.01,1246129.64068,0.0917585185021873,0.03810769426243419,0.003174470919103814,1.0,9.0,21.0,1.0,0.0918361026516945,0.08108018532713054,36,0,0,10,11.5,13.25,16.75,40.0,2.5257286443082556,2.6567569067146595,0.0031694429243010603,0.0009738436973270109,4.0,0.07611111829953779,-0.05000227347902031
2022-08-08,23810.0,977888.71321,0.0241529958246803,0.017752009341470885,0.006204647470255614,0.7407919737457382,8.0,11.0,0.0,0.023293354266222144,0.07574318515859024,34,0,0,9,10.75,11.5,14.75,36.0,2.463853240590168,2.5257286443082556,0.006185477897902325,0.0031694429243010603,9.0,0.08108018532713054,0.0918361026516945
2022-08-15,24094.82,1322664.37074,0.013116878919670897,0.022339879083269114,0.004767764906245743,0.7121761864325378,11.0,25.0,0.0,0.011962200755984975,0.05744291388783967,35,0,0,9,11.0,10.75,15.25,34.0,2.4849066497880004,2.463853240590168,0.0047564351127346565,0.006185477897902325,8.0,0.07574318515859024,0.023293354266222144
2022-08-22,21399.83,1382639.89644,-0.11248923991402349,0.02795108317530984,0.0056933032187822,0.6394032680272255,14.0,17.0,0.0,-0.11184935185238976,0.08516745981850947,33,0,1,9,10.75,11.0,13.25,35.0,2.463853240590168,2.4849066497880004,0.0056771576202174785,0.0047564351127346565,11.0,0.05744291388783967,0.011962200755984975
2022-08-29,20285.73,1331478.31019,-0.0504058100500201,0.032955818331606844,0.005652652719192785,1.0,10.0,24.0,1.0,-0.05206116123352389,0.0632576038667533,33,0,0,10,10.75,10.75,11.5,33.0,2.463853240590168,2.463853240590168,0.005636736429148941,0.0056771576202174785,14.0,0.08516745981850947,-0.11184935185238976
2022-09-05,19796.84,1539628.36041,-0.0238917990732889,0.024073791055567645,0.0037923669093381284,0.5715083091159371,11.0,22.0,2.0,-0.024100192598442316,0.05290598809403297,32,0,0,9,10.25,10.75,10.75,33.0,2.4203681286504293,2.463853240590168,0.003785194015062273,0.005636736429148941,10.0,0.0632576038667533,-0.05206116123352389
2022-09-12,22395.74,2319538.37004,0.1307081707511852,0.03686868230698581,0.0063681749674865135,0.6605278525330766,18.0,34.0,4.0,0.13127852728011136,0.10338248434451654,32,0,0,9,10.25,10.25,11.0,32.0,2.4203681286504293,2.4203681286504293,0.006347983816463521,0.003785194015062273,11.0,0.05290598809403297,-0.024100192598442316
2022-09-19,19537.02,2203682.38172,-0.1301696101258386,0.04983670555763081,0.006763099562561243,1.0,22.0,37.0,1.0,-0.12764570404907372,0.10920961151589761,34,0,0,10,11.0,10.25,10.75,32.0,2.4849066497880004,2.4203681286504293,0.006740332398135683,0.006347983816463521,18.0,0.10338248434451654,0.13127852728011136
2022-09-26,19227.82,2344268.3043,-0.013400682910640706,0.02726575248065367,0.004866551501098715,0.4816137339564615,15.0,22.0,3.0,-0.015826364512090407,0.10714699713175295,31,0,1,9,10.25,11.0,10.75,34.0,2.4203681286504293,2.4849066497880004,0.004854748118365594,0.006740332398135683,22.0,0.10920961151589761,-0.12764570404907372
2022-10-03,19629.08,2631417.44507,0.0214607147182287,0.017723222959988842,0.005652128244667515,0.6665384348404244,13.0,17.0,1.0,0.02086872042696486,0.10747156202482235,28,0,1,8,9.25,10.25,10.25,31.0,2.327277705584417,2.4203681286504293,0.00563621490249596,0.004854748118365594,15.0,0.10714699713175295,-0.015826364512090407
2022-10-10,19131.87,1609138.78656,-0.0245531230703354,0.020856520237185174,0.003517079299984714,0.7576453722587748,5.0,9.0,4.0,-0.02533027528544396,0.06534431073643496,26,0,1,7,8.5,9.25,10.25,28.0,2.2512917986064953,2.327277705584417,0.0035109088403482746,0.00563621490249596,13.0,0.10747156202482235,0.02086872042696486
2022-10-17,19549.86,1677247.25706,0.021926858740137903,0.00956737476063293,0.0029054519397061856,1.0,5.0,18.0,0.0,0.021847838188321367,0.023919323486505144,24,0,0,6,7.5,8.5,11.0,26.0,2.1400661634962708,2.2512917986064953,0.002901239272048888,0.0035109088403482746,5.0,0.06534431073643496,-0.02533027528544396
2022-10-24,19329.72,1472920.51711,-0.010915676964670802,0.011065676310614813,0.0038738139745818144,0.907050262105094,10.0,26.0,0.0,-0.011260438693678543,0.023435589199610446,26,0,1,7,8.5,7.5,10.25,24.0,2.2512917986064953,2.1400661634962708,0.0038663300784814495,0.002901239272048888,5.0,0.023919323486505144,0.021847838188321367
2022-10-31,20490.74,2073791.89266,0.0601327049958204,0.021820826667408786,0.004430246541265272,0.8905864320824579,11.0,20.0,2.0,0.06006398437225169,0.03775386242875907,27,0,1,6,8.5,8.5,9.25,26.0,2.2512917986064953,2.2512917986064953,0.0044204618873658185,0.0038663300784814495,10.0,0.023435589199610446,-0.011260438693678543
2022-11-07,20591.13,2289164.81754,0.006387497238302998,0.018380305349506385,0.004528337329529071,0.6170105353573005,10.0,12.0,0.0,0.004899286214163023,0.030297978988045444,52,0,1,15,17.0,8.5,8.5,27.0,2.8903717578961645,2.2512917986064953,0.004518115257753129,0.0044204618873658185,11.0,0.03775386242875907,0.06006398437225169
2022-11-14,16619.46,3227625.048062,-0.191591084082319,0.07240071857826773,0.0012567187392309716,0.5736614107157408,5.0,5.0,0.0,-0.19288256642544643,0.10933122730198933,46,0,1,15,15.5,17.0,7.5,52.0,2.803360380906535,2.8903717578961645,0.0012559297292094752,0.004518115257753129,10.0,0.030297978988045444,0.004899286214163023
2022-11-21,15781.29,1570120.700683,-0.050704366200052225,0.029619076174994086,0.002574445854664114,0.3803588210605893,2.0,2.0,0.0,-0.0504330465610795,0.10833679603604256,34,0,1,10,11.25,15.5,8.5,46.0,2.505525936990736,2.803360380906535,0.0025711376455884653,0.0012559297292094752,5.0,0.10933122730198933,-0.19288256642544643
2022-11-28,16212.91,1489656.8855,0.0277456895522497,0.020425962261983916,0.0004035752846297714,0.7409180487157855,2.0,2.0,0.0,0.027350108894773406,0.09875190745124396,30,0,1,9,10.0,11.25,8.5,34.0,2.3978952727983707,2.505525936990736,0.0004034938700284668,0.0025711376455884653,2.0,0.10833679603604256,-0.0504330465610795
2022-12-05,16966.35,1553181.44484,0.046732469531078805,0.01881460941076957,0.0004927788280202999,0.627718432828762,1.0,1.0,0.0,0.04647160811970208,0.10830691335651092,27,0,1,7,8.75,10.0,17.0,30.0,2.277267285009756,2.3978952727983707,0.0004926574524062123,0.0004034938700284668,2.0,0.09875190745124396,0.027350108894773406
2022-12-12,17209.83,1436316.17988,0.014690700034731078,0.013801843707344814,0.0011272768329577,1.0,3.0,7.0,1.0,0.014350759002378366,0.042310822542239716,29,0,1,8,9.5,8.75,15.5,27.0,2.3513752571634776,2.277267285009756,0.0011266419335221264,0.0004926574524062123,1.0,0.10830691335651092,0.04647160811970208
2022-12-19,16438.88,1464764.41232,-0.0438852608432938,0.020738510391459585,0.0027283337190690715,0.7409180487157855,6.0,7.0,0.0,-0.04479707237084851,0.039084646242993785,25,0,1,8,8.5,9.5,11.25,29.0,2.2512917986064953,2.3513752571634776,0.002724618572533329,0.0011266419335221264,3.0,0.042310822542239716,0.014350759002378366
2022-12-26,16919.39,1093505.53822,0.029221334210895202,0.017131625966833413,0.0016491956789542715,0.7491072306618443,4.0,4.0,0.0,0.029230093534352575,0.039297736017935646,26,0,1,7,8.5,8.5,10.0,25.0,2.2512917986064953,2.2512917986064953,0.0016478372490998795,0.002724618572533329,6.0,0.039084646242993785,-0.04479707237084851
2023-01-02,16672.87,1026006.34954,-0.0145137194604054,0.0068113618313202715,0.008481882912999214,0.8329137072159313,20.0,39.0,1.0,-0.014570265240058888,0.032423239149886936,60,0,2,14,19.0,8.5,8.75,26.0,2.995732273553991,2.2512917986064953,0.008446113861079397,0.0016478372490998795,4.0,0.039297736017935646,0.029230093534352575
2023-01-09,17178.26,1256672.56949,0.0300051068215943,0.0049284123403649,0.0005524115324249571,0.8087177862625424,3.0,3.0,0.0,0.030312117829743634,0.036011969341155976,65,0,1,16,20.5,19.0,9.5,60.0,3.068052935133617,2.995732273553991,0.0005522590093421341,0.008446113861079397,20.0,0.032423239149886936,-0.014570265240058888
2023-01-16,21185.65,2172322.28997,0.2144189444992578,0.018217915082120173,0.002171286290656914,0.9698918804849476,6.0,9.0,0.0,0.23328264911580132,0.10190358111300435,77,0,1,20,24.5,20.5,8.5,65.0,3.2386784521643803,3.068052935133617,0.0021689324551968994,0.0005522590093421341,3.0,0.036011969341155976,0.030312117829743634
2023-01-23,22916.45,2109400.3659800002,0.08174138367082298,0.030570432853582657,0.0034156652033003,1.0,9.0,13.0,1.0,0.08169680892490905,0.09914029470763697,72,0,1,20,23.25,24.5,8.5,77.0,3.188416617383492,3.2386784521643803,0.003409845068232848,0.0021689324551968994,6.0,0.10190358111300435,0.23328264911580132
2023-01-30,22826.15,1955170.3178299998,-0.0024425974662978037,0.021006834819140625,0.006723969683261043,0.7965478909383611,17.0,30.0,2.0,-0.003940400891062956,0.09550618025112956,69,0,1,19,22.25,23.25,19.0,72.0,3.1463051320333655,3.188416617383492,0.006701464625004384,0.003409845068232848,9.0,0.09914029470763697,0.08169680892490905
2023-02-06,22762.52,1912937.42737,-0.0021291930354384037,0.021780105725312273,0.0008571428571428572,1.0,3.0,5.0,0.0,-0.002787592300935615,0.10232573557854377,61,0,1,16,19.5,22.25,20.5,69.0,3.0204248861443626,3.1463051320333655,0.0008567757199817669,0.006701464625004384,17.0,0.09550618025112956,-0.003940400891062956
2023-02-13,21773.97,2006737.67383,-0.0426773770137674,0.01992369512826837,0.004371807467921371,1.0,9.0,16.0,0.0,-0.04342884706965655,0.052332538682080064,62,0,1,16,19.75,19.5,24.5,61.0,3.0325462466767075,3.0204248861443626,0.004362278878996474,0.0008567757199817669,3.0,0.10232573557854377,-0.002787592300935615
2023-02-20,24842.2,2548773.27714,0.1382397848586222,0.0393157802919416,0.0035633000604972857,0.5204822238131436,7.0,10.0,1.0,0.14091275040794127,0.07931429728360778,62,0,1,16,19.75,19.75,23.25,62.0,3.0325462466767075,3.0325462466767075,0.00355696654784823,0.004362278878996474,9.0,0.052332538682080064,-0.04342884706965655
2023-02-27,23492.09,2174751.24346,-0.054985646028982205,0.0231421762913454,0.0052023574686869715,0.5913732080306815,8.0,10.0,1.0,-0.05434744104789435,0.08867543341207607,57,0,1,14,18.0,19.75,22.25,62.0,2.9444389791664403,3.0325462466767075,0.0051888719578159,0.00355696654784823,7.0,0.07931429728360778,0.14091275040794127
2023-03-06,22410.0,1618549.0351,-0.0456362747329907,0.0198128744874805,0.004549285576594272,0.7755909611281911,7.0,12.0,1.0,-0.04606188721395155,0.09315093093026212,63,0,1,16,20.0,18.0,19.5,57.0,3.044522437723423,2.9444389791664403,0.004538968854276352,0.0051888719578159,8.0,0.08867543341207607,-0.05434744104789435
2023-03-13,24113.48,3202761.21158,0.082779356330793,0.029875167546364816,0.0026787855724931,0.6259318503592612,3.0,3.0,0.0,0.0760142793395806,0.09564670776938192,85,0,1,24,27.5,20.0,19.75,63.0,3.349904087274605,3.044522437723423,0.002675204021134352,0.004538968854276352,7.0,0.09315093093026212,-0.04606188721395155
2023-03-20,27717.01,3565377.87097,0.1453703282901029,0.04722957377416396,0.0012648243402931286,0.7495119933153371,3.0,3.0,0.0,0.14944047893543355,0.09836193773292592,89,0,1,25,28.75,27.5,19.75,85.0,3.392829131991639,3.349904087274605,0.0012640251238285377,0.002675204021134352,3.0,0.09564670776938192,0.0760142793395806
2023-03-27,27124.91,1048490.08231,-0.0192270349533812,0.03417358376906806,0.007324183583134886,1.0,12.0,14.0,5.0,-0.021362333094370523,0.08901627672604194,72,0,1,20,23.25,28.75,18.0,89.0,3.188416617383492,3.392829131991639,0.0072974920006847275,0.0012640251238285377,3.0,0.09836193773292592,0.14944047893543355
2023-04-03,27800.0,491936.27594,0.02569272548307199,0.0239431629064982,0.004880064253985157,0.6795928566440568,11.0,13.0,2.0,0.024888193177415197,0.0713060437674516,66,0,1,18,21.25,23.25,20.0,72.0,3.1023420086122493,3.188416617383492,0.004868195338806932,0.0072974920006847275,12.0,0.08901627672604194,-0.021362333094370523
2023-04-10,29637.34,295106.43828999996,0.0652450278042864,0.012399090040892628,0.0009625958112098286,0.7862071481311892,3.0,6.0,0.0,0.06609136690647488,0.06985269218231081,78,0,1,21,25.0,21.25,27.5,66.0,3.258096538021482,3.1023420086122493,0.000962132812958246,0.004868195338806932,11.0,0.0713060437674516,0.024888193177415197
2023-04-17,29430.27,366261.48951,-0.006203432786093501,0.01850587130568107,0.002845654734844257,0.9246921342699256,7.0,12.0,0.0,-0.006986794361437232,0.03764921483199799,69,0,1,18,22.0,25.0,28.75,78.0,3.1354942159291497,3.258096538021482,0.0028416135241874935,0.000962132812958246,3.0,0.06985269218231081,0.06609136690647488
2023-04-24,27510.93,427091.60393,-0.06447857660473949,0.027442146740700727,0.0019194328721658,1.0,4.0,4.0,1.0,-0.06521652706550096,0.05480397012697504,66,0,1,18,21.25,22.0,23.25,69.0,3.1023420086122493,3.1354942159291497,0.0019175931147082106,0.0028416135241874935,7.0,0.03764921483199799,-0.006986794361437232
2023-05-01,28068.26,455935.56785,0.021978991168305456,0.021965341900855313,0.000403738802834,0.7347762797378209,1.0,1.0,0.0,0.020258493624170315,0.05436772818812255,62,0,1,16,19.75,21.25,21.25,66.0,3.0325462466767075,3.1023420086122493,0.0004036573222540533,0.0019175931147082106,4.0,0.05480397012697504,-0.06521652706550096
2023-05-08,27668.79,363928.67668000003,-0.013023349330614999,0.022416644077682058,0.0018707735239275,0.40771354806362,3.0,5.0,2.0,-0.014232089912235346,0.036037559050904076,62,0,1,16,19.75,19.75,25.0,62.0,3.0325462466767075,3.0325462466767075,0.0018690258065214111,0.0004036573222540533,1.0,0.05436772818812255,0.020258493624170315
2023-05-15,27162.14,310951.46397,-0.018138470632539698,0.013785023040745142,0.0006864120743649857,0.4758724652532566,2.0,2.0,0.0,-0.018311245269489573,0.03550903160729625,54,0,1,13,17.0,19.75,22.0,62.0,2.8903717578961645,3.0325462466767075,0.0006861766013452565,0.0018690258065214111,3.0,0.036037559050904076,-0.014232089912235346
2023-05-22,26849.27,216423.47748,-0.011120045690947098,0.0117574076203388,0.0004940384650209857,0.6065724157274948,1.0,1.0,0.0,-0.011518606413191246,0.018278325374821415,54,0,1,12,16.75,17.0,21.25,54.0,2.8763855159214247,2.8903717578961645,0.0004939164681976207,0.0006861766013452565,2.0,0.03550903160729625,-0.018311245269489573
2023-05-29,27736.4,266987.65506,0.0342730224301553,0.01794842290145723,0.0017726340359022856,1.0,3.0,3.0,0.0,0.033041121788413674,0.024364399129981028,54,0,1,13,17.0,16.75,19.75,54.0,2.8903717578961645,2.8763855159214247,0.0017710647744002142,0.0004939164681976207,1.0,0.018278325374821415,-0.011518606413191246
2023-06-05,25728.2,256533.62564,-0.0733967341975979,0.020271468846442587,0.004782748632804343,0.682367079651611,9.0,10.0,0.0,-0.07240305158564198,0.044141242660189255,59,0,1,14,18.5,17.0,19.75,54.0,2.970414465569701,2.8903717578961645,0.004771347628203093,0.0017710647744002142,3.0,0.024364399129981028,0.033041121788413674
2023-06-12,25905.19,311881.67451,0.009360819419832305,0.03402701934212367,0.0020921643311635,1.0,4.0,5.0,0.0,0.006879222020973019,0.04602588893975571,57,0,1,14,18.0,18.5,17.0,59.0,2.9444389791664403,2.970414465569701,0.0020899788031608175,0.004771347628203093,9.0,0.044141242660189255,-0.07240305158564198
2023-06-19,26844.35,271657.89132,0.0369198612617502,0.018046949867119515,0.0030646101524684573,0.7149902491245407,6.0,7.0,0.0,0.03625373911559815,0.05163853923236969,68,0,1,17,21.5,18.0,16.75,57.0,3.1135153092103742,2.9444389791664403,0.0030599238068821258,0.0020899788031608175,4.0,0.04602588893975571,0.006879222020973019
2023-06-26,30267.99,417496.98457,0.12357421143603291,0.02700493205486303,0.001982625499778,0.6154745121448792,3.0,4.0,1.0,0.12753670697930852,0.08120411188557944,66,0,1,16,20.75,21.5,17.0,68.0,3.079613757534693,3.1135153092103742,0.001980662691755791,0.0030599238068821258,6.0,0.05163853923236969,0.03625373911559815
2023-07-03,31156.2,293462.6702,0.029459536608789104,0.014697085376699628,0.00028571428571428574,1.0,1.0,1.0,0.0,0.029344862344675038,0.05052257168964637,63,0,1,15,19.75,20.75,18.5,66.0,3.0325462466767075,3.079613757534693,0.0002856734771606279,0.001980662691755791,3.0,0.08120411188557944,0.12753670697930852
2023-07-10,30411.57,241557.9246,-0.023716086344124,0.0128285558902906,0.0,0.0,0.0,0.0,0.0,-0.02389989793363767,0.060978822624848564,63,0,1,15,19.75,19.75,18.0,63.0,3.0325462466767075,3.0325462466767075,0.0,0.0002856734771606279,1.0,0.05052257168964637,0.029344862344675038
2023-07-17,30138.0,258869.28217999998,-0.007687546534891698,0.017671852006111172,0.00028571428571428574,1.0,1.0,1.0,0.0,-0.008995589507545976,0.0659836594004866,59,0,1,14,18.5,19.75,21.5,63.0,2.970414465569701,3.0325462466767075,0.0002856734771606279,0.0,0.0,0.060978822624848564,-0.02389989793363767
2023-07-24,29176.5,189665.5,-0.0318486872242206,0.011753032056049358,0.0023363314935688855,1.0,6.0,16.0,0.0,-0.03190324507266573,0.027192316587860667,58,0,1,13,18.0,18.5,20.75,59.0,2.9444389791664403,2.970414465569701,0.0023336065146224057,0.0002856734771606279,1.0,0.0659836594004866,-0.008995589507545976
2023-07-31,29232.25,151131.30648,0.0019392627111841005,0.011444434173496958,0.005866443388147099,0.7211442525187376,9.0,10.0,1.0,0.0019107843641286149,0.015273375410466257,53,0,1,12,16.5,18.0,19.75,58.0,2.8622008809294686,2.9444389791664403,0.005849302812608128,0.0023336065146224057,6.0,0.027192316587860667,-0.03190324507266573
2023-08-07,29211.06,198720.76997999998,-0.00042640292435679964,0.00945739310603953,0.0017201394815280714,0.8580214184806934,2.0,11.0,0.0,-0.0007248843315174058,0.01544814516255669,54,0,1,12,16.75,16.5,19.75,53.0,2.8763855159214247,2.8622008809294686,0.0017186617359863897,0.005849302812608128,9.0,0.015273375410466257,0.0019107843641286149
2023-08-14,29430.93,179321.22467,0.007728174075534301,0.008836874449615157,0.006391846248456014,0.5350047295196296,9.0,14.0,0.0,0.007526943561787958,0.017797280823508514,61,0,1,14,19.0,16.75,18.5,54.0,2.995732273553991,2.8763855159214247,0.0063715050318305586,0.0017186617359863897,2.0,0.01544814516255669,-0.0007248843315174058
2023-08-21,26126.92,306047.68074,-0.1158473691271078,0.02067287966602267,0.0038240908279409858,0.8472462040522084,7.0,8.0,0.0,-0.11226318706204674,0.05956243919307491,60,0,1,13,18.5,19.0,18.0,61.0,2.970414465569701,2.995732273553991,0.003816797580059198,0.0063715050318305586,9.0,0.017797280823508514,0.007526943561787958
2023-08-28,26120.0,181043.81747,-9.432493058959877e-05,0.013981076412947043,0.0026918173042591717,1.0,4.0,4.0,0.0,-0.0002648609173985239,0.059244887578527264,59,0,1,14,18.5,18.5,16.5,60.0,2.970414465569701,2.970414465569701,0.0026882008524906718,0.003816797580059198,7.0,0.05956243919307491,-0.11226318706204674
2023-09-04,25826.02,257268.05767,-0.008087628491321604,0.030579814408037028,0.001733802301093386,0.8872104418499692,2.0,2.0,0.0,-0.011254977029096502,0.058207293231339725,54,0,1,11,16.5,18.5,16.75,59.0,2.8622008809294686,2.970414465569701,0.0017323010009383652,0.0026882008524906718,4.0,0.059244887578527264,-0.0002648609173985239
2023-09-11,25162.52,176674.38952,-0.0254019010877671,0.0127628812917578,0.002536235550408543,1.0,7.0,10.0,0.0,-0.025691144047747194,0.05338184927155964,49,0,1,12,15.5,16.5,19.0,54.0,2.803360380906535,2.8622008809294686,0.002533024732805595,0.0017323010009383652,2.0,0.058207293231339725,-0.011254977029096502
2023-09-18,26762.51,222565.14793,0.0622211687272494,0.016445050594099713,0.0023708926053041574,0.5962267776482973,8.0,14.0,3.0,0.06358623858023749,0.03819740439290264,51,0,1,11,15.75,15.5,18.5,49.0,2.8183982582710754,2.803360380906535,0.0023680864739134503,0.002533024732805595,7.0,0.05338184927155964,-0.025691144047747194
2023-09-25,26304.81,174486.36057,-0.016814158912128903,0.010538761859250486,0.0031268580993345854,1.0,6.0,7.0,1.0,-0.01710228225977295,0.04012210324912163,50,0,1,11,15.5,15.75,18.5,51.0,2.803360380906535,2.8183982582710754,0.003121979645391246,0.0023680864739134503,8.0,0.03819740439290264,0.06358623858023749
2023-10-02,27494.51,220742.1077,0.045436420036849307,0.012377461192111486,0.0014192768798803,0.7582597110630622,3.0,5.0,0.0,0.04522746980495196,0.04394415471404568,53,0,1,11,16.25,15.5,16.5,50.0,2.847812143477369,2.803360380906535,0.001418270658408147,0.003121979645391246,6.0,0.04012210324912163,-0.01710228225977295
2023-10-09,27590.12,191987.00036,0.0038935043819455003,0.017225850208166544,0.0018660451295995572,1.0,4.0,4.0,0.0,0.0034774214925088476,0.03646937410501295,50,0,1,11,15.5,16.25,15.5,53.0,2.803360380906535,2.847812143477369,0.0018643062302937017,0.001418270658408147,3.0,0.04394415471404568,0.04522746980495196
2023-10-16,28500.78,211761.86891,0.0339486592793886,0.011964509685971328,0.003398768441943157,0.7472997254086943,7.0,18.0,2.0,0.033006742993506366,0.02834592921033738,57,0,1,13,17.75,15.5,15.75,50.0,2.9311937524164198,2.803360380906535,0.00339300568231429,0.0018643062302937017,4.0,0.03646937410501295,0.0034774214925088476
2023-10-23,33069.99,309792.22927999997,0.1543088564035529,0.022370974692867644,0.0017798031506455858,1.0,5.0,6.0,0.0,0.1603187702231308,0.06565418075048886,83,0,1,21,26.25,17.75,15.5,57.0,3.305053521109253,2.9311937524164198,0.0017782211778067534,0.00339300568231429,7.0,0.02834592921033738,0.033006742993506366
2023-10-30,34474.73,313450.72604,0.0422487165759107,0.0336879592616024,0.0033198683776988857,0.6515984349593438,6.0,8.0,0.0,0.042477787262711786,0.06589901093290507,70,0,1,16,21.75,26.25,16.25,83.0,3.1245651453969594,3.305053521109253,0.003314369781060118,0.0017782211778067534,5.0,0.06565418075048886,0.1603187702231308
2023-11-06,35046.09,238550.7237,0.0168637316619283,0.011655399816731301,0.0037322467848245147,1.0,8.0,13.0,0.0,0.016573298761150435,0.06254358311549764,73,0,1,18,23.0,21.75,15.5,70.0,3.1780538303479458,3.1245651453969594,0.0037252992330790466,0.003314369781060118,6.0,0.06589901093290507,0.042477787262711786
2023-11-13,36462.93,271512.35973,0.040427768969574104,0.011787569311507401,0.0015143989989499856,0.8337074006795194,4.0,4.0,0.0,0.04042790508156546,0.061658006030632054,70,0,1,17,22.0,23.0,17.75,73.0,3.1354942159291497,3.1780538303479458,0.0015132534531823799,0.0037252992330790466,8.0,0.06254358311549764,0.016573298761150435
2023-11-20,37448.78,259218.11604,0.030359040389560204,0.03215919497603583,0.005500397605151657,0.6234830098873293,12.0,147.0,2.0,0.027037048311805867,0.011647046178441253,66,0,1,16,20.75,22.0,26.25,70.0,3.079613757534693,3.1354942159291497,0.0054853256607765915,0.0015132534531823799,4.0,0.061658006030632054,0.04042790508156546
2023-11-27,37242.7,223868.34592,-0.0032687636340458064,0.030166424193132275,0.0113648933021625,0.6862289718263211,32.0,354.0,8.0,-0.005502983007724227,0.018895105272221997,66,0,1,16,20.75,20.75,21.75,66.0,3.079613757534693,3.079613757534693,0.01130079806878242,0.0054853256607765915,12.0,0.011647046178441253,0.027037048311805867
2023-12-04,41991.1,271374.518,0.1219593003010004,0.013227705579828414,0.007435956532643629,0.6946358559751844,14.0,30.0,0.0,0.12749881184769096,0.053120665842226834,100,0,1,27,32.0,20.75,23.0,66.0,3.4965075614664802,3.079613757534693,0.007408446101272591,0.01130079806878242,32.0,0.018895105272221997,-0.005502983007724227
2023-12-11,41253.4,329471.98107,-0.014433268138067203,0.025732237135308072,0.0029004763389146,1.0,7.0,7.0,1.0,-0.017568008458935247,0.061871799314977355,76,0,1,21,24.5,32.0,22.0,100.0,3.2386784521643803,3.4965075614664802,0.0028962780734389446,0.007408446101272591,14.0,0.053120665842226834,0.12749881184769096
2023-12-18,42657.8,262632.61024,0.035094874042890196,0.02751352614325237,0.00048242743717895716,0.685710349664092,1.0,2.0,0.0,0.03404325461658919,0.06183302852305917,77,0,1,19,24.25,24.5,20.75,76.0,3.228826155721369,3.2386784521643803,0.000482311106475464,0.0028962780734389446,7.0,0.061871799314977355,-0.017568008458935247
2023-12-25,43576.13,225768.35353999998,0.0221273576546971,0.02077684457154397,0.002794838185669143,1.0,5.0,6.0,1.0,0.021527833127821694,0.057787434299209316,70,0,1,19,22.5,24.25,20.75,77.0,3.1570004211501135,3.228826155721369,0.0027909398871469975,0.000482311106475464,1.0,0.06183302852305917,0.03404325461658919
2024-01-01,42283.58,201441.46236,-0.029297966045451002,0.017511025689619417,0.00188888463419775,0.3540628905025387,1.0,1.0,0.0,-0.029661881401583767,0.03023496006794059,91,0,1,23,28.75,22.5,32.0,70.0,3.392829131991639,3.1570004211501135,0.0018871029348805988,0.0027909398871469975,5.0,0.057787434299209316,0.021527833127821694
